firmid,id,cdid,zd1,zd2,zd3,zd4,zd5,zd6,zd7
1,1,1,1.0,0.9661590405603139,0.08665911932931925,0.32268167991071517,0.7810146141360714,1.0474305805118311,1.6574984501948276
2,2,1,1.0,0.10521355425600065,0.048519203519990284,1.1836271662150284,0.8191545299454004,1.4640067661057727,1.6249105016215017
3,3,1,1.0,0.21746812565471452,0.7324954106160811,1.0713725948163146,0.13517832284930953,1.5583797593761477,1.2853161431819964
1,4,2,1.0,0.5971044799854418,0.005547060646385549,1.4760526848232185,0.9404434281118185,1.9397901908867725,1.4292751810433872
2,5,2,1.0,0.8436257248666764,0.9250196889887174,1.2295314399419839,0.02097079976948657,1.8974123440162725,0.8665726073113793
3,6,2,1.0,0.6324269599565421,0.015423739123101021,1.4407302048521182,0.930566749635103,1.9551283539990365,1.437102338227982
1,7,3,1.0,0.3281002940235651,0.9641734416565139,0.6920566415772156,0.667048120008511,1.910421645179572,1.3366973809821294
2,8,3,1.0,0.5594084052632972,0.491374413958927,0.46074853033748353,1.1398471477060979,1.7814004567256037,1.7048226032133025
3,9,3,1.0,0.13264823631391842,0.175673706049584,0.8875086992868623,1.4555478556154409,1.7960167458875278,1.4421524500025364
1,10,4,1.0,0.7347240241530882,0.8925684507608674,1.2718935284759658,0.7549225784843029,1.806712474495046,1.466914119625671
2,11,4,1.0,0.9420657989945442,0.6831347034939569,1.0645517536345097,0.9643563257512134,1.6453227623315452,1.6452379593096143
3,12,4,1.0,0.3298277294814216,0.071787874990346,1.6767898231476326,1.5757031542548243,1.5361944700867893,1.1979809730187188
1,13,5,1.0,0.7977146759172664,0.8381795942737389,0.2947224962499686,0.6263752356784983,1.3080957162344475,1.4972381816509346
2,14,5,1.0,0.2489415704668182,0.4886315645608046,0.8434956017004168,0.9759232653914326,1.6995312829888647,1.7691411825481063
3,15,5,1.0,0.045780925783150406,0.1377436711176937,1.0466562463840847,1.3268111588345435,1.5276963037536608,1.4964080222175542
1,16,6,1.0,0.04869791526657974,0.5912288856648902,1.0441382231919683,0.8212977867672558,1.453735350642015,1.9100454125226833
2,17,6,1.0,0.11133095547963368,0.5304252833571735,0.9815051829789143,0.8821013890749725,1.5053311672098304,1.9405397137940286
3,18,6,1.0,0.9328072677123346,0.2908725034100823,0.16002887074621341,1.1216541690220638,0.9668969442815374,1.8579656308665737
1,19,7,1.0,0.4037278433276954,0.7569379101243227,0.9420828031915404,0.9216932832839332,1.7640456693582458,1.800446124764088
2,20,7,1.0,0.12159552388399797,0.6062625672297771,1.2242151226352378,1.0723686261784788,1.537063811664884,1.8964479478760863
3,21,7,1.0,0.8204872793075424,0.31543071605415607,0.5253233672116934,1.3632004773540998,1.4541356460527033,1.741788640232337
1,22,8,1.0,0.3031471154628179,0.7324611179496774,1.1326914931795162,0.9557808375289852,1.8438053759112756,1.8700310755479141
2,23,8,1.0,0.684571628030409,0.42553457727099664,0.7512669806119252,1.2627073782076659,1.8102279254469364,1.8991925281404547
3,24,8,1.0,0.4481198651491073,0.5302462602579886,0.987718743493227,1.157995695220674,1.9248269932922315,1.949029257173746
1,25,9,1.0,0.18808915751214217,0.646150763333019,0.5964715374047866,0.9216228100614137,1.8731445882751623,1.9190719147989657
2,26,9,1.0,0.06430513160003015,0.3743951476920926,0.7202555633168987,1.19337842570234,1.788201043590881,1.8993806230281218
3,27,9,1.0,0.5321664058047565,0.5472276623693211,0.2523942891121723,1.0205459110251116,1.6917570180102093,1.9608325983046888
1,28,10,1.0,0.03636799703744187,0.3285781391445739,1.7549905699975519,1.0784969707739431,0.9857640493126465,1.9052331317110573
2,29,10,1.0,0.8823250790377124,0.606821054433417,0.9090334879972813,0.8002540554851,1.488784171070288,1.907403447535807
3,30,10,1.0,0.8726654909598395,0.4716759163405261,0.9186930760751543,0.935399193577991,1.4967932716647354,1.9616328271547232
1,31,11,1.0,0.056949877272606586,0.9599919531269526,0.24663180717039035,1.651002134879959,1.9629516388381714,1.9632820693894386
2,32,11,1.0,0.24340118830951196,0.8469105467642453,0.06018049613348497,1.7640835412426665,1.9097834057029868,1.985462223555418
3,33,11,1.0,0.003230618860878387,0.8040915881157138,0.30035106558211855,1.8069024998911978,1.941068569014909,1.974156278928402
1,34,12,1.0,0.05651183776731972,0.695863304821518,0.23709845319034417,1.3640837362379234,1.9708475984525282,1.9870564699100313
2,35,12,1.0,0.014055767463349134,0.7614406980606838,0.27955452349431476,1.2985063429987576,1.9554636144379693,1.9708074273557727
3,36,12,1.0,0.22304268572699504,0.6026430381772396,0.07056760523066885,1.4573040028822017,1.9299130015822987,1.9664462193621541
1,37,13,1.0,0.3877130556688585,0.05416141567910393,0.9366908691515056,0.8990929914680516,1.7547406264949847,1.703236747909127
2,38,13,1.0,0.11343481192127425,0.528513764950182,1.2109691128990898,0.4247406421969735,1.5317337719997364,1.7738733085478935
3,39,13,1.0,0.8232560572302313,0.37057922651786956,0.5011478675901327,0.5826751806292859,1.4314114581909418,1.8800938307458712
1,40,14,1.0,0.23710385538158996,0.2713883673935962,0.2799916607660805,1.7951303623035486,1.9779679804365178,1.3512273522601552
2,41,14,1.0,0.09902231337160561,0.8845701185430446,0.41807320277606486,1.1819486111541002,1.9744212849368812,1.6859326635282788
3,42,14,1.0,0.1809693473944749,0.910560243760504,0.33612616875319556,1.1559584859366407,1.9901610574292792,1.6639441716936765
1,43,15,1.0,0.4219305423348254,0.5547885218634465,0.9301021363413817,0.9773978405675682,1.9530938357339507,1.9534039725552748
2,44,15,1.0,0.6132224058045257,0.6278934334282646,0.7388102728716814,0.90429292900275,1.8799955008122362,1.9200965354131347
3,45,15,1.0,0.31687973053685603,0.34950440713930353,1.035152948139351,1.1826819552917112,1.904951658275479,1.8841606531288009
1,46,16,1.0,0.26072312738929637,0.7908809196212623,1.1499243653293472,1.3134761544702456,1.7047131500387882,1.9590278525454696
2,47,16,1.0,0.850505735910284,0.7097048956143794,0.5601417568083596,1.3946521784771284,1.444293844408492,1.9822729122264948
3,48,16,1.0,0.2994186294190633,0.6037712588558662,1.1112288632995804,1.5005858152356417,1.736588251529119,1.9544365316115637
1,49,17,1.0,0.8718644655882034,0.7686687154005173,1.1431052201756473,1.2301768009293834,1.7928702504860292,1.908989072170586
2,50,17,1.0,0.41875357956517867,0.45976924887265536,1.5962161061986722,1.5390762674572454,1.7252332872133107,1.817005484255632
3,51,17,1.0,0.7243516406104686,0.7704075520567281,1.2906180451533822,1.2284379642731726,1.8893130528714384,1.9080103649883542
1,52,18,1.0,0.9026841023034139,0.5883698347202286,1.3324727771121605,1.1849500511849633,1.7922704148920916,1.8859437564621357
2,53,18,1.0,0.9122177401065444,0.35018605674051406,1.32293913930903,1.4231338291646778,1.7849438587160538,1.7355642193179
3,54,18,1.0,0.42025503700561595,0.8347639944444493,1.8149018424099583,0.9385558914607427,1.5773960458468808,1.7318125447792334
1,55,19,1.0,0.6790470602821959,0.06829392826050973,0.5461393663312174,0.5951439779665663,1.674307841248254,1.7657017557786954
2,56,19,1.0,0.4118773488671936,0.5812387361861595,0.8133090777462196,0.08219917004091648,1.8569331169132388,1.4934498826428813
3,57,19,1.0,0.13426201746402378,0.013905241780406752,1.0909244091493895,0.6495326644466692,1.6690243074304507,1.721840610336568
1,58,20,1.0,0.20754465025375401,0.1667403701192367,1.6765772809161008,0.21559012066655237,1.3419059970420864,1.9891529956069278
2,59,20,1.0,0.7613083252463285,0.06332647931173341,1.1228136059235263,0.31900401147405566,1.712479881646633,1.9814839308304832
3,60,20,1.0,0.9152689556697723,0.15226364135481896,0.9688529755000825,0.2300668494309701,1.582575824334818,1.9919118277910144
1,61,21,1.0,0.8722279531641515,0.3888305527290761,1.2706183936860156,1.5121999219076434,1.7125307577031463,1.7378922622084996
2,62,21,1.0,0.301376775523831,0.8435617128582924,1.841469571326336,1.057468761778427,1.3620542158707631,1.7830633413588133
3,63,21,1.0,0.9692416181621845,0.6686382090493509,1.1736047286879825,1.2323922655873685,1.6307884577136749,1.8945592316786775
1,64,22,1.0,0.9408590593844088,0.5670657341795283,1.0647660299839221,0.39839541964068503,1.682354664511624,1.6991955184937666
2,65,22,1.0,0.4367242094501854,0.004559668616758161,1.5689008799181456,0.9609014852034552,1.7396332888908512,1.5881454139428346
3,66,22,1.0,0.6280418205337367,0.39383575102392687,1.3775832688345941,0.5716254027962865,1.8708400593589531,1.8298242184266833
1,67,23,1.0,0.6358877389922956,0.40501221398481035,1.498316074888463,0.6864958655744215,1.9435615046563233,1.8664763501755584
2,68,23,1.0,0.8764797562662338,0.5997275888586454,1.2577240576145248,0.4917804907005865,1.8809732593647521,1.7314397400072878
3,69,23,1.0,0.6218363186222291,0.08676827671577614,1.5123674952585293,1.0047398028434558,1.9370169088605378,1.672324763333445
1,70,24,1.0,0.282835442835349,0.8128519809343817,1.5623671639587076,0.9280675919270076,1.5456981280829125,1.5206732169583117
2,71,24,1.0,0.917064739349922,0.016498635447124932,0.9281378674441345,1.7244209374142643,1.597622249136692,0.9791830672114283
3,72,24,1.0,0.6453024246087855,0.9115689564798827,1.199900182185271,0.8293506163815066,1.805689054736114,1.4391144258286954
1,73,25,1.0,0.6978503031037148,0.3077215887224193,1.3145759716085215,1.2097671243596335,1.9638510058193286,1.8271478466925326
2,74,25,1.0,0.5282557423831261,0.5545542530200983,1.4841705323291101,0.9629344600619546,1.9072192825907428,1.930811520573501
3,75,25,1.0,0.7863202292253954,0.6552128713395353,1.2261060454868409,0.8622758417425176,1.9277755223989874,1.8761743260014916
1,76,26,1.0,0.3559443615523187,0.49854619429559965,0.6357665988368069,1.6816219497759877,1.9447117720509959,1.7562016734244312
2,77,26,1.0,0.4811683407975289,0.9703229979831741,0.5105426195915966,1.2098451460884132,1.8832832551340748,1.7355640944744894
3,78,26,1.0,0.15459825803927796,0.7112989517928135,0.8371127023498476,1.4688691922787738,1.859112502244285,1.8908531896416518
1,79,27,1.0,0.2426944528414886,0.3130109224191433,1.2584575970815766,1.068617477329034,1.6645600714248634,1.7597900748289277
2,80,27,1.0,0.8497804214711184,0.23845646463006953,0.6513716284519467,1.1431719351181078,1.5149211346203035,1.6990646200223192
3,81,27,1.0,0.40867717561045813,0.8301610126989645,1.092474874312607,0.5514673870492128,1.7960126291125675,1.4699405909213148
1,82,28,1.0,0.7797538070120095,0.9344144314822695,1.6451983263336014,1.34924244147287,1.9669336801122417,1.8530999147633387
2,83,28,1.0,0.94462498595442,0.5737921587665228,1.4803271473911908,1.7098647141886167,1.9153614789749676,1.8382026788546397
3,84,28,1.0,0.7005733403791814,0.7754502827063473,1.7243787929664296,1.5082065902487924,1.935927931463569,1.9351967707642517
1,85,29,1.0,0.8304251049817347,0.6668670622223177,1.1783533907610175,0.593854691391297,1.8034105625209014,1.717614248095265
2,86,29,1.0,0.8154876442957072,0.44227911426213296,1.193290851447045,0.8184426393514818,1.8145329091149918,1.8697750181922923
3,87,29,1.0,0.36286574646531033,0.15157557712916403,1.645912749277442,1.1091461764844506,1.6183896773171043,1.6857668327382784
1,88,30,1.0,0.018033986702954752,0.03630405710900608,1.306418083492562,1.1539305466826226,1.327531638185791,1.4912984752510208
2,89,30,1.0,0.8318228963660091,0.6303663724738066,0.49262917382950755,0.5598682313178223,1.3958836427190184,1.691298504204101
3,90,30,1.0,0.4745951871265528,0.5235641742088162,0.8498568830689639,0.6666704295828126,1.6920382927966044,1.7773161716483896
1,91,31,1.0,0.7075233262398165,0.19838430920851724,1.6780565828916711,1.4974043877438494,1.9649401716782458,1.4705250661399696
2,92,31,1.0,0.8591743685822453,0.639979711769903,1.5264055405492423,1.0558089851824637,1.9756422599338925,1.7766473948566683
3,93,31,1.0,0.8188822143094258,0.8574246759739464,1.5666976948220617,0.8383640209784202,1.9860536305416634,1.6015138409818181
1,94,32,1.0,0.5839010067605476,0.2028229951275361,0.5004413092386601,0.3213427645050164,1.783478415800963,1.9535704443580932
2,95,32,1.0,0.31476919026939465,0.3082828749166431,0.7695731257298131,0.21588288471590944,1.9136011106080697,1.9054733772693226
3,96,32,1.0,0.1856721189692655,0.013059889588373341,0.8986701970299422,0.5111058700441792,1.8368214182743037,1.8811641572827655
1,97,33,1.0,0.4154183978810343,0.6403175975623215,1.3007369716104646,0.26712254762596654,1.761711373423686,1.5465930975899531
2,98,33,1.0,0.36660135785882964,0.10911554163055126,1.3495540116326692,0.7983246035577368,1.7222489858421854,1.751753706816859
3,99,33,1.0,0.9341356137516349,0.15800700599541528,0.7820197557398639,0.7494331391928728,1.4887208913858045,1.7900643495415647
1,100,34,1.0,0.1385602877169898,0.1449734139532064,1.2192993429316372,1.5546014445964724,1.5731493797756655,1.334857841775169
2,101,34,1.0,0.4293785689667491,0.62937612531947,0.928481061681878,1.070198733230209,1.7970060979105411,1.7070451388936771
3,102,34,1.0,0.7899207739648882,0.9252253192770025,0.5679388566837389,0.7743495392726764,1.5323505086979048,1.4602014372552743
1,103,35,1.0,0.9994318487524696,0.35882021102526884,1.4213079428012034,0.642304055297418,1.8333851945134612,1.952006589286539
2,104,35,1.0,0.7762963316925521,0.16970728693978998,1.644443459861121,0.8314169793828968,1.9343417251425723,1.8772087352001785
3,105,35,1.0,0.6450116111086515,0.472596768357628,1.7757281804450216,0.5285274979650588,1.8648674828472425,1.8994787908991442
1,106,36,1.0,0.35161198533091076,0.822094930296841,1.282918269072951,1.3148590360919266,1.74159906238112,1.7941150814493585
2,107,36,1.0,0.8969134816529377,0.36385297166154595,0.7376167727509242,1.7731009947272214,1.5130408157795732,1.51899415646961
3,108,36,1.0,0.38600478742001343,0.9510060644303805,1.2485254669838484,1.185947901958387,1.7690774223450791,1.6919175511939843
1,109,37,1.0,0.9204703517388848,0.5286878626762889,1.1941708994066609,0.8422317094159669,1.7590478010045971,1.9252526070321683
2,110,37,1.0,0.42366780646998614,0.5858774714319464,1.6909734446755595,0.7850421006603094,1.6679460466306395,1.8938368256389195
3,111,37,1.0,0.7705030929366748,0.25635423798402057,1.344138158208871,1.114565334108235,1.8644199256587435,1.825620049862785
1,112,38,1.0,0.19031684889545764,0.4659919791832118,0.5274902466986345,0.6306629808597515,1.927536734032064,1.8606347536664622
2,113,38,1.0,0.08526245470148852,0.5431131037275599,0.6325446408926036,0.5535418563154033,1.8693843509779557,1.8066524666713926
3,114,38,1.0,0.442227791997146,0.08754987713219153,0.27557930359694616,1.0091050829107717,1.8188725806510326,1.6791472513152286
1,115,39,1.0,0.05981946334660315,0.6443270624695028,0.06396202845581567,1.4986230705521897,1.9984506274494325,1.8885722608228566
2,116,39,1.0,0.03189579873264459,0.5317163625084135,0.09188569306977423,1.611233770513279,1.999220543819062,1.8148621034155963
3,117,39,1.0,0.03206622972317108,0.9669067080437763,0.09171526207924774,1.1760434249779164,1.9992300255369264,1.728636569275899
1,118,40,1.0,0.6957073151035604,0.7069849622734669,0.7247484956328567,0.9311526255585745,1.7345337570016333,1.8496463445958837
2,119,40,1.0,0.5628878396224716,0.615556754563964,0.8575679711139456,1.0225808332680772,1.8339566103576757,1.905628357069355
3,120,40,1.0,0.16186065601038513,0.3155958709946105,1.2585951547260321,1.322541716837431,1.6034630101015828,1.771923255446534
1,121,41,1.0,0.6153101275769317,0.7496718587080671,1.0268272661269267,1.2386138313667368,1.819243954288266,1.882731813925031
2,122,41,1.0,0.8068941069786195,0.4072795287447457,0.835243286725239,1.5810061613300581,1.6725191655655425,1.724796907633876
3,123,41,1.0,0.21993315914830724,0.8313343026219909,1.4222042345555512,1.1569513874528128,1.563841080412141,1.828771957813049
1,124,42,1.0,0.2883577337528703,0.7877057316414108,0.6726773115992449,1.6091035380259882,1.9952937195134512,1.975267205746309
2,125,42,1.0,0.32899066627311746,0.9148541435124763,0.6320443790789978,1.4819551261549226,1.9981343785235453,1.9364620390196878
3,126,42,1.0,0.34368664532612747,0.6942493945135119,0.6173484000259878,1.702559875153887,1.9967274440297138,1.943802722042423
1,127,43,1.0,0.435740933533564,0.5890860894362054,1.7753431568364453,1.6497910718499273,1.6302640811831295,1.8779787504200196
2,128,43,1.0,0.9043150731166908,0.9158008184537625,1.3067690172533184,1.3230763428323704,1.801763189517461,1.8662423279360523
3,129,43,1.0,0.8710280837197545,0.733990253396165,1.3400560066502547,1.504886907889968,1.8262860716025624,1.9467069575183247
1,130,44,1.0,0.2817158267799895,0.977354556494535,1.1610701212203935,1.3214380668372425,1.6553745567669984,1.7025724501442676
2,131,44,1.0,0.928877138578361,0.3852389644648181,0.5139088094220221,1.9135536588669595,1.2732942253295172,1.4424525448509207
3,132,44,1.0,0.23219298264203259,0.9361991023724245,1.2105929653583505,1.362593520959353,1.6130206542809304,1.7364954191411817
1,133,45,1.0,0.5959276668845046,0.5426983748280636,0.16357467276158755,1.181918842157375,1.5336217384594981,1.994423323163256
2,134,45,1.0,0.03187361173110914,0.5693892601032242,0.727628727914983,1.1552279568822144,1.717572551996431,1.997428493713477
3,135,45,1.0,0.1317010610304784,0.6125295820541508,0.6278012786156137,1.1120876349312878,1.7962171297004905,1.9932761161922317
1,136,46,1.0,0.5624724064843304,0.7076290575611203,1.1431859087115745,0.9555225644490302,1.8624529861484436,1.8969616579132964
2,137,46,1.0,0.3047945100800423,0.4855682383942268,1.4008638051158626,1.1775833836159237,1.6879790591656478,1.9516412758146284
3,138,46,1.0,0.8383913986315322,0.46995432605480336,0.8672669165643727,1.193197295955347,1.6789151382896443,1.9448328530123924
1,139,47,1.0,0.4738379995591966,0.3577687943093414,1.6702422605134415,1.3353047361204278,1.7406473965333884,1.732545069384719
2,140,47,1.0,0.728746234056791,0.9100847087959051,1.415334026015847,0.7829888216338641,1.892834474279232,1.527581133858595
3,141,47,1.0,0.9414960264566504,0.4252200273245227,1.2025842336159875,1.2678535031052465,1.7593061024919956,1.785957394933587
1,142,48,1.0,0.13614494854170522,0.6328921396552949,0.8866118792191467,0.8421059237858605,1.7789059583323708,1.855193200171244
2,143,48,1.0,0.2756982945719324,0.23866563548093211,0.7470585331889196,1.2363324279602232,1.8744274351856167,1.7314723222549193
3,144,48,1.0,0.6109135846472143,0.6034402883049284,0.4118432431136376,0.871557775136227,1.6919068355984792,1.8745450511730404
1,145,49,1.0,0.8830483128583317,0.24636859232986774,1.3944848386631916,0.5727069543183397,1.9286669965856422,1.9061355082146778
2,146,49,1.0,0.6533410126274917,0.07043786012297248,1.6241921388940317,0.748637686525235,1.9409227936585172,1.7993991158302607
3,147,49,1.0,0.7411438260357,0.5022690941953672,1.5363893254858234,0.3168064524528402,1.9723848162358677,1.7664896740824174
1,148,50,1.0,0.19962113270311088,0.7575402838766926,0.9413428301504134,0.9695891793038129,1.8313419558107058,1.7458889236688295
2,149,50,1.0,0.6016194228424471,0.7534882489377409,0.5393445400110772,0.9736412142427646,1.7844890834315243,1.7491567439736404
3,150,50,1.0,0.33972340730796635,0.21610093036607203,0.801240555545558,1.5110285328144335,1.9142726081739831,1.4950785053471813
1,151,51,1.0,0.2856245924296059,0.5958474151067267,1.0657431843302607,1.1225322609455262,1.8567481725176889,1.9833654056047245
2,152,51,1.0,0.6554495092260315,0.47657037891674225,0.695918267533835,1.2418092971355106,1.813839452735299,1.957587981714343
3,153,51,1.0,0.4102936751042291,0.6459618820287839,0.9410741016556374,1.072417794023469,1.9262468387956304,1.9692059586731836
1,154,52,1.0,0.7915139903782342,0.34572066918455235,1.3102947307662154,1.274769535862743,1.7652221712064207,1.6672330490741742
2,155,52,1.0,0.3229212900267884,0.29587885341106224,1.7788874311176612,1.324611351636233,1.4459298722225786,1.6247092498802271
3,156,52,1.0,0.9873734407394271,0.9788906824516808,1.1144352804050226,0.6415995225956146,1.6054387752120935,1.2969045459782436
1,157,53,1.0,0.7056641297613838,0.005926138635318989,1.6777958208849815,1.1033229505588835,1.9619194979770955,1.4671229331004403
2,158,53,1.0,0.877972394283734,0.7233226280845154,1.505487556362631,0.3859264611096872,1.9646576345756106,1.4865165482229732
3,159,53,1.0,0.7998234266012474,0.3800003224743682,1.5836365240451178,0.7292487667198344,1.985084563925509,1.758229200746088
1,160,54,1.0,0.9600436696072742,0.1833362619648783,1.2098977502129997,1.4477670594424534,1.7459784377694045,1.461147029604957
2,161,54,1.0,0.7190518417431849,0.49677919852668784,1.450889578077089,1.1343241228806438,1.8928321029964108,1.7200099464117655
3,162,54,1.0,0.4908459084698148,0.9509878609157656,1.679095511350459,0.6801154604915661,1.7516560776893653,1.3683060450698643
1,163,55,1.0,0.25784463098256494,0.31531496089793043,0.4971360956891533,0.7410900272191154,1.9903547746004717,1.9936871045470854
2,164,55,1.0,0.3174813367090702,0.3811168122524755,0.43749938996264803,0.6752881758645704,1.9776329048698853,1.9952325249962959
3,165,55,1.0,0.1796547589800831,0.3599732149666399,0.5753259676916351,0.6964317731504059,1.975088118839257,1.997560675963868
1,166,56,1.0,0.6237615255499498,0.910225927434583,0.6426543882996184,1.7677530390040972,1.7628650687452265,1.9971935533672824
2,167,56,1.0,0.11518709505271685,0.9105393139394573,1.1512288187968513,1.7674396524992229,1.6157807308173173,1.9971603226133363
3,168,56,1.0,0.5274672932469016,0.8572137250646399,0.7389486206026666,1.8207652413740403,1.8344562193075353,1.994354072402812
1,169,57,1.0,0.500817054574342,0.8714106693458019,0.9204992009687497,0.8745378921204923,1.9943689040270098,1.6135242459553896
2,170,57,1.0,0.42593230148926964,0.2323425005766353,0.9953839540538221,1.5136060608896589,1.9897083376446871,1.5100787958521162
3,171,57,1.0,0.49456689947948007,0.642195391543857,0.9267493560636116,1.1037531699224372,1.995261306266268,1.7941879615393028
1,172,58,1.0,0.10220282805078373,0.4526071516553182,0.8449917053154805,1.211736976513778,1.635757698728029,1.9016662460091518
2,173,58,1.0,0.07092511667176993,0.4377779731418482,0.8762694166944943,1.226566155027248,1.6089541061915154,1.892914984450798
3,174,58,1.0,0.7740665886437106,0.7739590033719297,0.17312794472255366,0.8903851247971664,1.2466674386282266,1.7950209911762585
1,175,59,1.0,0.47892447890934375,0.04961970180067721,1.0299279854030252,1.249741653652669,1.9427094653879764,1.3886680408002772
2,176,59,1.0,0.6818082732335197,0.9352488441750096,0.8270441910788493,0.36411251127833666,1.8543011240510725,1.1366419523016713
3,177,59,1.0,0.34811971216950555,0.31449280947765945,1.1607327521428634,0.9848685459756868,1.87766297038028,1.6124673797083275
1,178,60,1.0,0.8727139223914301,0.40164940405166794,1.0521811563524506,1.7086081534686781,1.5270652774203262,1.6144829364553037
2,179,60,1.0,0.08333013571564751,0.9793079543663199,1.8415649430282333,1.1309496031540263,0.9927738693136606,1.655685642602775
3,180,60,1.0,0.9688510206368032,0.7293001991023583,0.9560440581070776,1.3809573584179877,1.4473090668985502,1.8376161339843342
1,181,61,1.0,0.021133423432707632,0.16223647682078302,0.5772473007645604,1.0691687912439556,1.85972173671012,1.7396632269665893
2,182,61,1.0,0.3255633654664605,0.5010521342864529,0.2728173587308076,0.7303531337782858,1.9060440244592638,1.8870604058808123
3,183,61,1.0,0.25168393529809996,0.5681166569575028,0.3466967888991681,0.6632886111072359,1.942791109340107,1.8436277192475452
1,184,62,1.0,0.5310137988853106,0.802504039740611,0.5823369039537739,1.6054659045068265,1.7782725364749565,1.9613006720822768
2,185,62,1.0,0.03087243249728755,0.6629500174950856,1.082478270341797,1.7450199267523518,1.5412949195103045,1.9055322426608354
3,186,62,1.0,0.5514644714564864,0.9425158870117407,0.5618862313825982,1.4654540572356967,1.7621860979100785,1.9054067270166906
1,187,63,1.0,0.7264644034868887,0.31262751632920605,0.9989963002820735,1.4078158081268732,1.6642238379490175,1.618129253775141
2,188,63,1.0,0.11559337198081399,0.9944243677878943,1.6098673317881482,0.726018956668185,1.2431397420578063,1.3417123997927654
3,189,63,1.0,0.8834029283012595,0.4133914403389789,0.8420577754677027,1.3070518841171004,1.5302581753253026,1.7033791521206836
1,190,64,1.0,0.14597590535122018,0.9676389636384031,0.3797514449172883,1.0293181483238247,1.9608788985592858,1.6008359536683379
2,191,64,1.0,0.05609914206992883,0.34296161801082947,0.46962820819857964,1.6539954939513983,1.9228721367226669,1.5656738219841604
3,192,64,1.0,0.32365230284735946,0.6863565303129953,0.202075047421149,1.3106005816492325,1.8998416244009713,1.8126963170167498
1,193,65,1.0,0.005882167662667692,0.6081628075554726,1.5952098381259157,1.482164876722139,1.0721635896095039,1.9616667718821228
2,194,65,1.0,0.6809362371334056,0.6992880865100567,0.9201557686551778,1.3910395977675547,1.5810146177368933,1.9847678464331755
3,195,65,1.0,0.9142736009925101,0.7828767902120821,0.6868184047960733,1.3074508940655294,1.385167647606497,1.96297348833967
1,196,66,1.0,0.21945613400904118,0.6124475586137836,0.6834301276147595,0.2559183220672432,1.912452649807671,1.5805695972791953
2,197,66,1.0,0.517020049405924,0.09342354678926945,0.38586621221787665,0.7749423338917574,1.7995904835495218,1.7590889384242172
3,198,66,1.0,0.16641007820883547,0.16249477527797374,0.7364761834149652,0.7058711054030531,1.8815179761917982,1.8119617143549545
1,199,67,1.0,0.1708774747243379,0.24423995868518855,1.0256752770871729,1.0928236535605511,1.750200282080443,1.8064401578029265
2,200,67,1.0,0.6594667492368699,0.43318365549416815,0.537086002574641,0.9038799567515716,1.705229678121656,1.9149402770077648
3,201,67,1.0,0.3662085278503031,0.6596399980663831,0.8303442239612078,0.6774236141793567,1.8801583609329362,1.7915204375694622
1,202,68,1.0,0.1296763233733722,0.7929682268803099,1.7319686758519595,1.3005196137341244,1.1630074860859017,1.9200264613918172
2,203,68,1.0,0.8542388541276238,0.7962401655276806,1.0074061450977079,1.2972476750867536,1.591009097301054,1.9182801885689182
3,204,68,1.0,0.8777298217243357,0.5042794482064437,0.983915177500996,1.5892083924079905,1.5708950421230305,1.8383280610111505
1,205,69,1.0,0.4869605255986038,0.9540946838041916,1.6514115072113715,0.5539121366931781,1.7441125017485588,1.2591770102767443
2,206,69,1.0,0.6561987738908894,0.06741056773080789,1.4821732589190861,1.4405962527665617,1.8631928248915917,1.2944909457373872
3,207,69,1.0,0.9952127333204822,0.4865015689623702,1.1431592994894932,1.0215052515349994,1.663775931826242,1.6425305298764767
1,208,70,1.0,0.9642691621891923,0.49190095440861137,1.3462056475518636,1.473425788347774,1.8364627909770141,1.837922686374819
2,209,70,1.0,0.6478873114653652,0.5696158186975777,1.6625874982756907,1.3957109240588075,1.90220916605734,1.8883038740606537
3,210,70,1.0,0.6983183360864983,0.9038099696501961,1.6121564736545575,1.061516773106189,1.9291735112659816,1.7382693572529182
1,211,71,1.0,0.5943447142269331,0.06455265562955748,0.15421197091815264,0.7360839763329182,1.530519704928776,1.7935197503937763
2,212,71,1.0,0.08001110528862054,0.5117879474243149,0.6685455798564652,0.2888486845381608,1.767525908101189,1.7393867152240516
3,213,71,1.0,0.0742008656295321,0.22429602890860334,0.6743558195155537,0.5763406030538724,1.7629262801974446,1.8954767361028007
1,214,72,1.0,0.1068034203248932,0.1625848406206084,0.8437429954156356,1.7187232186789194,1.710543092723388,1.230480185650682
2,215,72,1.0,0.6885601366781138,0.7711192379080002,0.261986279062415,1.1101888213915276,1.4652778115578404,1.6598505983180512
3,216,72,1.0,0.1551828587375218,0.9476039807709192,0.795363557003007,0.9337040785286086,1.7500590527088304,1.509295991374823
1,217,73,1.0,0.35249086199159463,0.37150535509042615,1.044688849239944,1.086802921080384,1.9047979896620415,1.8705552565070902
2,218,73,1.0,0.6677414545920424,0.3441318207858557,0.7294382566394961,1.1141764553849542,1.8243113623539375,1.8523893160751772
3,219,73,1.0,0.3769473946479015,0.7426711002945282,1.0202323165836371,0.7156371758762818,1.918317486391357,1.7244426320170796
1,220,74,1.0,0.4724232186758499,0.18155577882346674,0.8790669782633521,1.2766840122766587,1.931244473324596,1.614759398061833
2,221,74,1.0,0.2552121747585978,0.5429457844201122,1.0962780221806043,0.9152940066800133,1.8268472705469425,1.8418191513771092
3,222,74,1.0,0.6238548035047543,0.7337382278565465,0.7276353934344477,0.724501563243579,1.8502616056755152,1.7014458883680592
1,223,75,1.0,0.10329883840473575,0.7895236295848107,1.4492151099777297,1.375132113723827,1.3523738904839784,1.9373768218572867
2,224,75,1.0,0.8750659585808932,0.5396756040122145,0.6774479898015724,1.6249801392964232,1.4646460458567283,1.8557158106679068
3,225,75,1.0,0.5741491513968366,0.8354565097116126,0.978364796985629,1.3291992335970253,1.7145834777187874,1.9141237781086544
1,226,76,1.0,0.08246802158165845,0.008191749619147148,1.4316494336824044,1.0398199172295413,1.3375179250532145,1.5191796149425092
2,227,76,1.0,0.7931831119944129,0.3543631900902986,0.7209343432696498,0.6936484767583897,1.579782548441561,1.7832390776885267
3,228,76,1.0,0.6384663216879913,0.6854567271392425,0.8756511335760714,0.36255493970944574,1.7104292550881737,1.5282845190952037
1,229,77,1.0,0.7281102391814857,0.09767533635744763,1.0355243225842155,1.1525758262577233,1.7743573009132234,1.5018347269618355
2,230,77,1.0,0.230065709179749,0.8996087960409285,1.5335688525859519,0.3506423665742423,1.4984720842850179,1.1839281770636152
3,231,77,1.0,0.8054586134044663,0.2529670302167947,0.9581759483612347,0.9972841323983761,1.712184963655798,1.634439340763828
1,232,78,1.0,0.8030142257834617,0.19789836613837952,0.8935966883077662,1.1394039800864926,1.643878897730369,1.6155660200469795
2,233,78,1.0,0.7509188971107595,0.24783797656949347,0.9456920169804683,1.0894643696553785,1.6880536211405728,1.6582551469940883
3,234,78,1.0,0.14267779119700663,0.891566003516999,1.5539331228942213,0.445736342707873,1.3373530066889692,1.278802881728697
1,235,79,1.0,0.4459560268662697,0.6398438622474483,1.0254126216153883,1.3970512095559469,1.7871035080670246,1.9576842155802487
2,236,79,1.0,0.18245333761548588,0.5641165377347805,1.288915310866172,1.4727785340686146,1.579366402214284,1.924567806254882
3,237,79,1.0,0.8429592839999023,0.8329346718211663,0.6284093644817556,1.2039603999822288,1.500625881037275,1.8936884540091024
1,238,80,1.0,0.43458960386767154,0.8081070647790591,0.6411692671545695,1.2926695195318045,1.876835555917919,1.8058705027150472
2,239,80,1.0,0.548426033972696,0.9293929354362622,0.527332837049545,1.1713836488746014,1.7996188168093088,1.7111923685578425
3,240,80,1.0,0.0927432331818735,0.3632765840955423,0.9830156378403675,1.7375000002153214,1.7022046326464315,1.5462680614640334
1,241,81,1.0,0.35775480706516316,0.08243559017062019,1.3634286964379647,1.1195899744631135,1.7909295817766502,1.443664203468729
2,242,81,1.0,0.598570457176662,0.9798321064328024,1.1226130463264659,0.22219345820093128,1.9163845095015566,0.9406952651721625
3,243,81,1.0,0.7648582392613027,0.1397578680303111,0.9563252642418252,1.0622676966034226,1.819999432638871,1.4904701595773604
1,244,82,1.0,0.15510909783498672,0.5909684596322436,1.1256317905575375,0.8406279629858303,1.6735872087274841,1.6868326621100351
2,245,82,1.0,0.42906928336004335,0.8074522020080259,0.8516716050324807,0.624144220610048,1.8586405049224481,1.5032999172853119
3,246,82,1.0,0.696562507197494,0.03317576097780439,0.5841783811950301,1.3984206616402695,1.676841274589119,1.281700565359753
1,247,83,1.0,0.49840306454717564,0.6975460850606573,0.5295924010658065,1.2772808675307696,1.8753834049842633,1.837518827462492
2,248,83,1.0,0.36947355494262724,0.9246978949270173,0.6585219106703549,1.0501290576644098,1.9406318116266212,1.6705669145354036
3,249,83,1.0,0.16011884612317928,0.3525829726037525,0.8678766194898029,1.6222439799876747,1.8489860601317913,1.6086644894778352
1,250,84,1.0,0.3734643899901494,0.5683924208390377,0.8301595741286598,1.5651915299742365,1.7481880300194903,1.8911105925697838
2,251,84,1.0,0.049980996225672314,0.6771447253704188,1.1536429678931368,1.4564392254428555,1.4873785280774992,1.944737630219578
3,252,84,1.0,0.7801785779029875,0.8880468046038178,0.42344538621582173,1.2455371462094567,1.434271875398514,1.859363020662069
1,253,85,1.0,0.29934224512416796,0.6481192823062003,0.9678042469628363,0.5848604184337953,1.861295228414134,1.7211268812266407
2,254,85,1.0,0.28247283257950095,0.11456210607424633,0.9846736595075033,1.1184175946657493,1.849905793394615,1.6333841200801955
3,255,85,1.0,0.6853314143833353,0.470298312359549,0.5818150777036689,0.7626813883804466,1.7117700949915204,1.8500060316893445
1,256,86,1.0,0.05767711872721237,0.32934492890592104,0.763855709767086,1.1582154872528458,1.6925348943785674,1.775204017131081
2,257,86,1.0,0.10243061361078254,0.833920141301158,0.7191022148835159,0.653640274857609,1.7296331719463987,1.5464990061601727
3,258,86,1.0,0.6614250961563035,0.32429534595168796,0.1601077323379949,1.163265070207079,1.4261698081009129,1.7712439931032256
1,259,87,1.0,0.5331239196726278,0.5198467251820009,0.98174860440405,0.6318126503724663,1.8901783024708598,1.918452616127685
2,260,87,1.0,0.2565947199523103,0.3222213135481101,1.2582778041243676,0.8294380620063571,1.7292640559129624,1.9615375381678828
3,261,87,1.0,0.7251538844517397,0.30959133682435613,0.7897186396249382,0.842068038730111,1.766677980223486,1.9565960707798178
1,262,88,1.0,0.2319434238486452,0.6429766862160108,1.0464883459476177,1.0821812078573032,1.798444717133385,1.948510395686319
2,263,88,1.0,0.36284157497166547,0.6677163564228308,0.9155901948245976,1.0574415376504833,1.8852144107604327,1.9372652709055826
3,264,88,1.0,0.6836467709759524,0.41446485143447254,0.5947849988203107,1.3106930426388415,1.7176358643385865,1.8869993946254286
1,265,89,1.0,0.5681994678388773,0.9237776909163059,0.5718696786035362,1.2038603869646363,1.7430146948169747,1.740461922788944
2,266,89,1.0,0.5481890839333908,0.8131839504088121,0.5918800625090227,1.3144541274721302,1.7590888811114582,1.8243570362762989
3,267,89,1.0,0.023680594670145383,0.3906764365558242,1.116388551772268,1.7369616413251179,1.5029042465453768,1.5891319212283073
1,268,90,1.0,0.9941330680607706,0.20453223738801174,0.6358200680000448,1.5434365859324564,1.265656362742671,1.4494780728958343
2,269,90,1.0,0.2610924359693422,0.7978522873415432,1.3688607000914732,0.9501165359789249,1.5714654765133682,1.7005317367236954
3,270,90,1.0,0.3747276320307026,0.7455842985909131,1.2552255040301128,1.002384524729555,1.6685309997297584,1.7434899075947108
1,271,91,1.0,0.6760026958719009,0.5878024794902988,0.9541216325126763,0.6294926321643376,1.9218004765541243,1.8318479338892903
2,272,91,1.0,0.45880738497667084,0.43958377417458705,1.1713169434079065,0.7777113374800494,1.9525897253807303,1.9178364416048486
3,273,91,1.0,0.4953142475360055,0.18990885798975055,1.1348100808485717,1.027386253664886,1.9665470245819812,1.7931428321287384
1,274,92,1.0,0.9064538477181608,0.6224185147237108,1.2442123138317687,1.458759551136819,1.774121055600219,1.8469374221119665
2,275,92,1.0,0.4064977899184373,0.46523338964531646,1.744168371631492,1.6159446762152134,1.6091518814194168,1.732064917198188
3,276,92,1.0,0.8377145239133312,0.9935261614915025,1.3129516376365982,1.0876519043690274,1.8256029279407655,1.6278112190168361
1,277,93,1.0,0.5548791772851971,0.8066683852282805,0.36661532754128767,0.6761008552304958,1.732462928861814,1.5909871130891062
2,278,93,1.0,0.27076129581447217,0.21015810313220817,0.6507332090120126,1.2726111373265683,1.892319867009898,1.637264109800617
3,279,93,1.0,0.0958540317268155,0.4659427520982876,0.8256404730996693,1.0168264883604887,1.7798843926191494,1.8270601182782198
1,280,94,1.0,0.314095546794266,0.5962702103096649,0.8591757367382793,0.2103681303511753,1.9060266225569475,1.571321870600603
2,281,94,1.0,0.6186410139631932,0.09403418393270802,0.5546302695693521,0.7126041567281322,1.7782081573600115,1.7765602685209791
3,282,94,1.0,0.24053472277508614,0.11633394641846728,0.9327365607574591,0.6903043942423729,1.8613883734280472,1.7937672905116047
1,283,95,1.0,0.8184939177000284,0.21833357087698602,0.7400283300060552,0.8345159631679594,1.632461011704005,1.672604420288617
2,284,95,1.0,0.31328183232500006,0.028534774595296075,1.2452404153810837,1.0243147594496493,1.7619394085473115,1.5110071871767699
3,285,95,1.0,0.4267464976810551,0.8059811885726633,1.1317757500250285,0.2468683454722821,1.8449381793935866,1.25437651832174
1,286,96,1.0,0.6060074020363608,0.8524299831851351,0.3561711745619828,0.8105772584110368,1.6360203710632022,1.634572156739539
2,287,96,1.0,0.3453382336299964,0.35006471550164964,0.6168403429683472,1.3129425260945222,1.8284478865426776,1.7648319210504775
3,288,96,1.0,0.01083294093198639,0.46051254290938715,0.9513456356663572,1.2024946986867846,1.5958509209806127,1.8454909961117352
1,289,97,1.0,0.7287683406948958,0.4647960445408974,1.2950154454642937,1.5027831431074143,1.9773633101855164,1.7524280354999644
2,290,97,1.0,0.5779120166610622,0.5068524228577417,1.4458717694981273,1.46072676479057,1.9583115964400295,1.785492143877158
3,291,97,1.0,0.7171034288032316,0.9959307202496726,1.306680357355958,0.9716484673986391,1.9806761644298836,1.5414545306975307
1,292,98,1.0,0.39995464141565307,0.04829152805509007,0.6697294872993523,1.0972912901248097,1.829351898972749,1.4945275325260043
2,293,98,1.0,0.04216265425677712,0.8332625493450427,1.0275214744582284,0.3123202688348571,1.589692605482528,1.2632342047225338
3,294,98,1.0,0.6275668330425752,0.264028740779767,0.4421172956724302,0.8815540774001328,1.6593643282276536,1.677754571253233
1,295,99,1.0,0.9191698183516462,0.38639709395412203,1.0347221071271462,1.4055130027143887,1.7009435239325135,1.799955850961473
2,296,99,1.0,0.4898151882743069,0.6213448457075468,1.4640767372044854,1.170565250960964,1.8286180066542075,1.9201323598853004
3,297,99,1.0,0.5449069188528393,0.7841681570068421,1.408985006625953,1.0077419396616687,1.8662645222340917,1.8274973153400116
1,298,100,1.0,0.4534574590227336,0.36147946348349724,0.9879964368520927,1.0530639856214854,1.9081631905447496,1.653765494571367
2,299,100,1.0,0.7073339259738274,0.9415058229257172,0.7341199699009989,0.4730376261792655,1.771140849964222,1.2164872050491544
3,300,100,1.0,0.2806625108782653,0.11155816269576824,1.160791384996561,1.3029852864092144,1.8041441699449805,1.441621756990286
1,301,101,1.0,0.8750474284207931,0.9172926650092578,0.7575553906483883,1.0262090847373577,1.5121836272864235,1.6824130004921845
2,302,101,1.0,0.6336897235208183,0.3940493419031075,0.998913095548363,1.549452407843508,1.7145235571767308,1.7053773854232184
3,303,101,1.0,0.12386566712756997,0.6321597428342501,1.5087371519416113,1.3113420069123651,1.339885738184935,1.8667970903049333
1,304,102,1.0,0.9585297971066902,0.02781424400540322,1.2250401630322887,0.7291200164812051,1.7465205290479675,1.7108443293293454
2,305,102,1.0,0.46842952361620893,0.5995882699763314,1.7151404365227698,0.15734599051027687,1.7067785497228174,1.5228916926627134
3,306,102,1.0,0.7566106394160798,0.12953174650487365,1.426959320722899,0.6274025139817346,1.880355267830847,1.7914611434985044
1,307,103,1.0,0.05056198674258794,0.7413774815985446,0.8215616253069474,0.624202694514477,1.7079421411748217,1.6594042418728758
2,308,103,1.0,0.21608807174951328,0.373878771380744,0.6560355403000221,0.9917014047322775,1.832286913004114,1.8585177259043983
3,309,103,1.0,0.6054735535574342,0.250323923133733,0.2666500584921012,1.1152562529792887,1.594282934323025,1.7705867782243816
1,310,104,1.0,0.7125242210228355,0.9493741073015739,0.5561046561343941,1.712429393251428,1.6017859063060502,1.9638394734774223
2,311,104,1.0,0.04735340784459674,0.7575434517669267,1.2212754693126329,1.904260048786075,1.450705725209306,1.9256743660030131
3,312,104,1.0,0.5087512482897973,0.9548859414845012,0.7598776288674323,1.7069175590685006,1.767573545715872,1.9617741328164247
1,313,105,1.0,0.0612781012261121,0.7543673972857398,1.4133397032780333,1.441444566219062,1.318505960680933,1.9858252696800525
2,314,105,1.0,0.7331782553524863,0.7981443523548418,0.741439549151659,1.3976676111499602,1.6338975419074118,1.974393863794846
3,315,105,1.0,0.6801614479255469,0.6433002138642203,0.7944563565785984,1.5525117496405816,1.6789947481317598,1.9640483067376522
1,316,106,1.0,0.12523414319579562,0.5485656456998768,0.3978172569574968,1.747251680723308,1.914405301238319,1.7935191558537118
2,317,106,1.0,0.002102527899386697,0.8089097736074851,0.5209488722539057,1.4869075528156999,1.8414276054216838,1.9178537758483858
3,318,106,1.0,0.3957147290581101,0.938341907115823,0.12733667109518232,1.3574754193073617,1.7859269854581759,1.8424391171458119
1,319,107,1.0,0.20451071327128523,0.9496429096232355,0.547584242405697,1.1079617296962951,1.8541050372777867,1.7101422028134796
2,320,107,1.0,0.5414348879803806,0.5596658747780114,0.21066006769660162,1.4979387645415192,1.6435523175033224,1.858788502261465
3,321,107,1.0,0.006149354425316389,0.5482958549182837,0.7459456012516659,1.509308784401247,1.7122809195963322,1.8510951625607068
1,322,108,1.0,0.2156395890612297,0.8772520844965757,0.3136968799094656,0.7742772813531845,1.963594101223208,1.5724456059657816
2,323,108,1.0,0.2793966979934841,0.41132124929655456,0.2499397709772112,1.2402081165532057,1.9376397262677003,1.8025198263644948
3,324,108,1.0,0.0343001819159815,0.36295603205662996,0.4950362870547138,1.2885733337931302,1.9093472637643054,1.7652528586895793
1,325,109,1.0,0.30447255156320996,0.6484943067533534,0.6002183708168873,0.6448908943737599,1.8500678015275294,1.7945187669319518
2,326,109,1.0,0.020987670103201572,0.2707732971436525,0.8837032522768957,1.022611903983461,1.655029234628361,1.856414188962164
3,327,109,1.0,0.5792307007136858,0.3741175972301074,0.32546022166641153,0.9192676038970059,1.6595356555479928,1.916858147611297
1,328,110,1.0,0.9278831491096252,0.29614011573405763,0.6450260925248676,0.7929390054140151,1.3578681280215092,1.9547602447077408
2,329,110,1.0,0.050212434698259756,0.28211528925496454,1.5226968069362332,0.8069638318931082,1.2062198191411306,1.9488402744125937
3,330,110,1.0,0.5948136578266079,0.5108237161590505,0.978095583807885,0.5782554049890222,1.6383450228159613,1.903993871949187
1,331,111,1.0,0.5741721259708944,0.6683372128809294,1.084439302647246,1.9112945240219132,1.6869100109365518,1.8405933813676696
2,332,111,1.0,0.9540132612722159,0.9308810246015183,0.7045981673459246,1.6487507123013243,1.3731269996536595,1.9309422536349246
3,333,111,1.0,0.13042604137503022,0.9804134994203949,1.5281853872431101,1.5992182374824477,1.328745111168048,1.9047502101852374
1,334,112,1.0,0.032480962900535704,0.3026145980618732,1.0527008703082583,0.8170859445817081,1.4567556538215949,1.778006699481936
2,335,112,1.0,0.9000697768010161,0.07858116123792447,0.18511205640777795,1.041119381405657,1.043060381880828,1.5979894168699602
3,336,112,1.0,0.15263109350724224,0.7385047833437837,0.9325507397015518,0.38119575929979765,1.5576400207272902,1.473900565799619
1,337,113,1.0,0.1516265967873559,0.1236062427549921,0.7955899111689759,0.682400846124293,1.8131169001000136,1.7617971741027054
2,338,113,1.0,0.1912455946278374,0.04497030505081967,0.7559709133284944,0.7610367838284654,1.8415477118154722,1.697812794096336
3,339,113,1.0,0.6043443165411385,0.6374305410734733,0.3428721914151933,0.16857654780581177,1.6578014793357065,1.4719390312476353
1,340,114,1.0,0.20088712822881238,0.5152222826155618,1.1641863022594148,0.8473551201371261,1.6785730357619633,1.8932784818703006
2,341,114,1.0,0.7871776937747439,0.20631038577671224,0.5778957367134832,1.1562670169759757,1.5542677561547245,1.736776626702286
3,342,114,1.0,0.37700860848467077,0.6410447343604139,0.9880648220035563,0.721532668392274,1.8146094615130806,1.8120848784495642
1,343,115,1.0,0.4070925789355083,0.5697413037165238,0.7325911203797718,0.6547347359642114,1.981773561029979,1.856575552027142
2,344,115,1.0,0.2796028852244009,0.46060656991629156,0.8600808140908792,0.7638694697644436,1.954262657784815,1.9196121463488431
3,345,115,1.0,0.4529882351553709,0.19412816604791983,0.6866954641599092,1.0303478736328153,1.9682807080898082,1.799867182745754
1,346,116,1.0,0.02919279467725011,0.25501994750769197,0.9273028432236892,1.1225269222497494,1.6334863842551264,1.785534235161939
2,347,116,1.0,0.3155512670286319,0.7167351108627902,0.6409443708723074,0.6608117588946512,1.8372748071993126,1.7158512249983517
3,348,116,1.0,0.6117515761950573,0.4057918113869592,0.344744061705882,0.9717550583704821,1.6282194384736255,1.885365537360832
1,349,117,1.0,0.2995002150923973,0.8085078344337776,1.1809959778421457,1.7434279919578235,1.7777534589834572,1.9920258993431876
2,350,117,1.0,0.7901252115441199,0.8716831073627003,0.6903709813904232,1.6802527190289007,1.6387190065191843,1.9960168349886573
3,351,117,1.0,0.39087076629802586,0.8717448845951231,1.089625426636517,1.6801909417964778,1.844337897471238,1.9960090567216775
1,352,118,1.0,0.28940481808000806,0.5181776817784165,1.2606186754657431,1.0631125424317514,1.7598904984517747,1.7256571262458535
2,353,118,1.0,0.5069761393748308,0.915500332528064,1.0430473541709204,0.6657898916821038,1.8947353841526353,1.4084849434047464
3,354,118,1.0,0.7536425360909124,0.14761220990368729,0.7963809574548388,1.4336780143064805,1.7470945678097283,1.426212443958364
1,355,119,1.0,0.790484702163771,0.9923551202655597,1.4681981489377463,1.3726934251513536,1.863119636558998,1.8195705967743807
2,356,119,1.0,0.9951523421931769,0.7197254805849082,1.2635305089083404,1.6453230648320052,1.7203772858993611,1.923921488862066
3,357,119,1.0,0.4730458067445694,0.6529679445664455,1.7856370443569478,1.7120806008504679,1.665544179049526,1.8867558022144915
1,358,120,1.0,0.265484965566643,0.6082625029861164,0.9316230440436618,1.532824698088458,1.917324353761129,1.8936873683045845
2,359,120,1.0,0.5134330468846953,0.5898671729054512,0.6836749627256096,1.5512200281691229,1.931343178707154,1.8824473746561101
3,360,120,1.0,0.41818999715896654,0.9429575251830066,0.7789180124513383,1.1981296758915676,1.967920737127296,1.7768114048046102
1,361,121,1.0,0.8783843340624358,0.31817790364587095,1.3837882827784176,0.7278580123706921,1.9189452506038789,1.9946508519413688
2,362,121,1.0,0.6077176527974668,0.3881664354460712,1.6544549640433865,0.6578694805704919,1.9014139070067348,1.992766529724404
3,363,121,1.0,0.7760706299809508,0.33969157692462093,1.4861019868599026,0.7063443390919422,1.9616416679405275,1.9971902156932417
1,364,122,1.0,0.679272059709743,0.8436714120503418,1.3263299172677065,0.24593483365032154,1.9640325944845465,1.1901293702055549
2,365,122,1.0,0.5293844573404565,0.2192317699258639,1.476217519636993,0.8703744757747994,1.9086977193891261,1.640719025470465
3,366,122,1.0,0.7969454599272502,0.026703063724457632,1.2086565170501995,1.0629031819762056,1.9171619249269414,1.476632903764217
1,367,123,1.0,0.8085016207998179,0.0948474267891406,0.781627732089564,0.24904102228208935,1.6474636006671168,1.9679140699193398
2,368,123,1.0,0.5634822199713176,0.0007484148797622936,1.0266471329180642,0.34314003419146766,1.8293113082307486,1.931746070269213
3,369,123,1.0,0.2181455121182464,0.24829260740232706,1.3719838407711356,0.09559584166890289,1.5933108351355894,1.917291214808631
1,370,124,1.0,0.24199866844718787,0.2638735033436662,1.2316518705908073,0.7731034292289553,1.6833681833100718,1.9462461806689129
2,371,124,1.0,0.8283766837285389,0.4986818095472876,0.6452738553094561,0.5382951230253339,1.5437192588859516,1.897308541572702
3,372,124,1.0,0.40327518686226826,0.2744216196816677,1.0703753521757267,0.7625553128909538,1.8090015433301567,1.9508398477661715
1,373,125,1.0,0.3349015162311483,0.3760443106529906,1.1549742104244485,0.6148581719051398,1.708310051669965,1.9826565174118973
2,374,125,1.0,0.24295980607834688,0.24387165631682062,1.24691592057725,0.7470308262413098,1.6307208809213753,1.9666537541544062
3,375,125,1.0,0.9120144043461016,0.3709865155883192,0.5778613223094952,0.6199159669698112,1.3558662317393193,1.9839460748150737
1,376,126,1.0,0.12241350712725707,0.7672885607069776,0.2913167938467648,1.3539800349329263,1.961815371516819,1.929094855273914
2,377,126,1.0,0.008702671969412656,0.5084503933200598,0.4050276290046092,1.6128182023198443,1.9148710713446566,1.8277927413727475
3,378,126,1.0,0.28261412187735213,0.8455296416128666,0.13111617909666973,1.2757389540270374,1.9023802803121042,1.8864919510673488
1,379,127,1.0,0.7967657001013638,0.7851160159732297,1.048798669944193,1.1387752909167288,1.7240984528912568,1.908910518529201
2,380,127,1.0,0.22921874454259994,0.5785286456241734,1.616345625502957,1.345362661265785,1.430346143644567,1.9578853841969095
3,381,127,1.0,0.819579925401593,0.5602466452925553,1.0259844446439637,1.363644661597403,1.7052069838628856,1.9503567829583162
1,382,128,1.0,0.9423356037486658,0.18896832044601097,0.8336398173695374,1.6485118558448155,1.4899996502610646,1.3356147888554037
2,383,128,1.0,0.21606929383843032,0.8535065133322763,1.5599061272797727,0.9839736629585503,1.4412193763984376,1.6395831701003303
3,384,128,1.0,0.6175705235311071,0.7950053425125393,1.1584048975870962,1.0424748337782872,1.7510184223870529,1.6891985441627937
1,385,129,1.0,0.7189330419593188,0.2890889479595421,1.2036603312696883,1.497303773556733,1.9390531508161797,1.6101745500074687
2,386,129,1.0,0.7349475154553629,0.8471242880825336,1.1876458577736444,0.9392684334337416,1.9313163911215732,1.6943736671029423
3,387,129,1.0,0.46871281581432556,0.6501794854741995,1.4538805574146818,1.1362132360420758,1.8708824028926305,1.8397115595108473
1,388,130,1.0,0.4909466148053978,0.11694713677168533,0.5967247264756437,0.5566301234846889,1.9255202337621498,1.827237122857111
2,389,130,1.0,0.32888105596727135,0.01787131194627889,0.7587902853137701,0.6557059483100953,1.970358054891058,1.7526016116930236
3,390,130,1.0,0.2678436705083723,0.53875881153841,0.8198276707726692,0.13481844871796422,1.9477249166184838,1.5993747329490144
1,391,131,1.0,0.4598715485419128,0.3556787263535468,1.1233358864494083,0.746870567521588,1.6761663371786883,1.9330485023287656
2,392,131,1.0,0.14961186046971875,0.18971027473799884,1.4335955745216022,0.9128390191371359,1.4152691633399614,1.8465292521853764
3,393,131,1.0,0.9737240259796895,0.5571602927835891,0.6094834090116316,0.5453890010915456,1.2749817592125945,1.8339169713891632
1,394,132,1.0,0.06369465311735689,0.35868313092611326,0.909797431180013,1.555496640577075,1.6497280147008457,1.63265457832322
2,395,132,1.0,0.21662622029742207,0.5727942560429524,0.7568658639999478,1.3413855154602357,1.7737282930997864,1.8005243442143593
3,396,132,1.0,0.6931712108825909,0.9827023845341225,0.28032087341477896,0.9314773869690657,1.4696896743497758,1.522796187804632
1,397,133,1.0,0.04943800587857983,0.4238808115271794,1.29765230878824,0.5302232883283039,1.3936379629472597,1.874330298440884
2,398,133,1.0,0.5654812769128679,0.4695466529445941,0.7816090377539519,0.4845574469108892,1.7388057177722822,1.8439686043707195
3,399,133,1.0,0.732171031875372,0.06067663538370982,0.6149192827914477,0.8934274644717735,1.600026227908424,1.722465295213507
1,400,134,1.0,0.21682961630046294,0.9444100031524704,0.3859779169830261,0.8539025312298367,1.9918044228361742,1.508554979566481
2,401,134,1.0,0.13347545771883673,0.6014525968121737,0.4693320755646523,1.1968599375701334,1.9790086238447697,1.7743568999015746
3,402,134,1.0,0.25250245926418935,0.25244993441766306,0.35030507401929967,1.545862599964644,1.9846607162595595,1.504843850278311
1,403,135,1.0,0.564394357720138,0.5295411836603674,0.3488363279735621,1.2743788560507627,1.702633475137782,1.9045594555279644
2,404,135,1.0,0.287414551685805,0.8326203042227958,0.6258161340078952,0.9712997354883345,1.876360719571232,1.7705602495503971
3,405,135,1.0,0.061421776287757135,0.4417585518279671,0.851808909405943,1.3621614878831632,1.7266918655095975,1.8506484400981997
1,406,136,1.0,0.5444403557918804,0.33348052177214194,0.11960111006184793,1.1243074464158287,1.5792925328515417,1.8937253779149226
2,407,136,1.0,0.1092010558820582,0.5113648754042857,0.5548404099716702,0.946423092783685,1.8177137995679662,1.958587572505658
3,408,136,1.0,0.01040005417978973,0.612942571011543,0.6536414116739386,0.8448453971764276,1.7421504376784753,1.9146078454106283
1,409,137,1.0,0.9292609300385409,0.28097361741604576,1.8755871323441087,1.1815792349411554,1.9935331148621809,1.6804476344304315
2,410,137,1.0,0.9940637769129691,0.2801192448241704,1.8107842854696805,1.1824336075330306,1.9832239177175013,1.6797260730969268
3,411,137,1.0,0.8815233554311396,0.901459990116985,1.92332470695151,0.5610928622402162,1.985138240129786,1.3601751674318772
1,412,138,1.0,0.5571701995246068,0.11243498845429067,0.9945921052999543,1.6318010204747624,1.685459157314174,1.2190824736161543
2,413,138,1.0,0.08652416185920275,0.9291110859957934,1.4652381429653585,0.8151249229332597,1.3104996896444088,1.4632920356753902
3,414,138,1.0,0.9080679434407516,0.702689934478969,0.6436943613838095,1.0415460744500842,1.3933393312936975,1.6558412760342436
1,415,139,1.0,0.6168359541725282,0.003162471581056203,0.4761002805480039,0.975847409288862,1.6674555850659338,1.5811407566268256
2,416,139,1.0,0.0063153388294096,0.4842525781150533,1.0866208958911225,0.49475730275486496,1.4955469418490321,1.7933302886381268
3,417,139,1.0,0.4697849417185943,0.49159483117380876,0.6231512930019378,0.4874150496961095,1.7853076013431328,1.787702653534835
1,418,140,1.0,0.9848470522735935,0.28133550022624443,0.7564513524205286,1.448616516635898,1.3837085232637238,1.6130110098221317
2,419,140,1.0,0.4166625250641772,0.9000814280423302,1.324635879629945,0.8298705888198123,1.7182021541328294,1.5656642206985216
3,420,140,1.0,0.3397888273563514,0.5485350885935679,1.4015095773377708,1.1814169282685745,1.6537220926038905,1.8148401309486806
1,421,141,1.0,0.3177789005423465,0.518773306764087,0.707563970429171,0.9613122821340383,1.8970763336244294,1.8622247307433397
2,422,141,1.0,0.5810944954922682,0.2158426995911834,0.4442483754792492,1.2642428893069417,1.746290650876697,1.6677201805356023
3,423,141,1.0,0.12646947493690275,0.7454695825428549,0.8988733960346147,0.7346160063552704,1.777339039839148,1.705309435476085
1,424,142,1.0,0.2682707427558937,0.5416450903421155,1.2260311504017523,1.3397696708168976,1.7661343671656864,1.958967117545279
2,425,142,1.0,0.5280434883555747,0.6033258577243207,0.9662584048020714,1.2780889034346923,1.906276707001438,1.978638403701903
3,426,142,1.0,0.6979876620461777,0.7364438130925769,0.7963142311114684,1.1449709480664363,1.8029217568923592,1.9452000993653256
1,427,143,1.0,0.40079960320814567,0.12935718537642737,0.35682629974828983,1.9783423177041815,1.9013052871368301,0.9549513753503914
2,428,143,1.0,0.21414994854370684,0.9980864793253251,0.5434759544127287,1.1096130237552837,1.96066631757609,1.4698381837967442
3,429,143,1.0,0.142676351204583,0.9802558383788563,0.6149495517518525,1.1274436647017525,1.9304480714644567,1.4844774291104137
1,430,144,1.0,0.4456884531026247,0.7798893135296276,1.5063268261497962,1.354108615511544,1.8005083726465612,1.7887923987401513
2,431,144,1.0,0.8671448720019939,0.9983217333203165,1.0848704072504272,1.1356761957208552,1.786616014164156,1.6151684955123273
3,432,144,1.0,0.6391819541478023,0.35578688219122756,1.3128333251046187,1.7782110468499441,1.9126125743833176,1.4971456127227003
1,433,145,1.0,0.5250202023213535,0.13617644280272512,0.9721211893401519,1.3648975188467145,1.764508050683529,1.4704441201927336
2,434,145,1.0,0.1337337720849482,0.5321374989706557,1.3634076195765572,0.968936462678784,1.466674425183189,1.7684772350808815
3,435,145,1.0,0.8383874172552037,0.8327600198760589,0.6587539744063017,0.6683139417733808,1.5151033509864913,1.5291459455287377
1,436,146,1.0,0.5537044133794166,0.384872390907837,1.216667945961498,1.3430512875560807,1.7956018916179226,1.7043030073126104
2,437,146,1.0,0.9330673970154717,0.9765380337535269,0.8373049623254428,0.7513856447103907,1.5218207347722228,1.3939044807120253
3,438,146,1.0,0.28360054894602627,0.36651325380255373,1.4867718103948881,1.3614104246613639,1.5855021284463477,1.6889274711641886
1,439,147,1.0,0.9587119962146965,0.6531325938373443,0.4536865170930322,0.689145507576481,1.1721025034247416,1.6599473133073364
2,440,147,1.0,0.3688821825971943,0.009303969237481557,1.0435163307105344,1.3329741321763438,1.6286402328130238,1.2985305201355128
3,441,147,1.0,0.08480433449583791,0.6798415383389994,1.3275941788118908,0.6624365630748259,1.3884026398572311,1.6371569801679022
1,442,148,1.0,0.6963767629525381,0.24248700774724574,1.1370422335531067,0.905191165095553,1.817574128752217,1.6242133906089964
2,443,148,1.0,0.8548340799801033,0.8765843453026982,0.9785849165255416,0.2710938275401005,1.6956386150771605,1.1561347598941194
3,444,148,1.0,0.28220815357300344,0.028606819792854732,1.5512108429326414,1.1190713530499439,1.5628049822059085,1.4424929338587995
1,445,149,1.0,0.7931182416319046,0.4280912889034988,0.29483294132821414,0.6684844468819092,1.3150239005720565,1.976005624512545
2,446,149,1.0,0.029328306770248447,0.2766177530951064,1.0586228761898702,0.8199579826903016,1.5037597380556558,1.9641224876265881
3,447,149,1.0,0.2655046345579657,0.39186669378680283,0.822446548402153,0.7047090419986052,1.7027599211382751,1.9854941417030885
1,448,150,1.0,0.49798087271279723,0.907259047221212,0.7951204520673302,1.0836536316946903,1.9369621735286404,1.6670271966336085
2,449,150,1.0,0.2479153188230817,0.7989675202882371,1.0451860059570457,1.191945158627665,1.8537025117445403,1.7559423197852002
3,450,150,1.0,0.5472051332442485,0.28468611140645306,0.7458961915358789,1.7062265675094492,1.9119001488909575,1.446286638226074
1,451,151,1.0,0.7675109579102345,0.7401039946935822,1.1680944665654769,0.2797900726509487,1.7022083131987111,1.392064884263108
2,452,151,1.0,0.21426530018906775,0.05324604580773662,1.7213401242866435,0.9666480215367943,1.3150366194898262,1.5943088909357002
3,453,151,1.0,0.953829166376409,0.22654402684321207,0.9817762580993022,0.7933500405013189,1.5445906268818934,1.7385845836982585
1,454,152,1.0,0.7035499034614768,0.9292762970879602,1.4728725612324784,1.070394158199818,1.914600303716513,1.6930030307042678
2,455,152,1.0,0.9429527031939083,0.6634292082636879,1.233469761500047,1.3362412470240903,1.7874598277629667,1.8681075022192672
3,456,152,1.0,0.52991985803857,0.4069649499361302,1.6465026066553852,1.5927055053516481,1.8134645391015063,1.6975805937173245
1,457,153,1.0,0.3515644234964126,0.9156747932349111,1.0357987624360407,0.961058632225525,1.9272562068632113,1.5942392703285964
2,458,153,1.0,0.418239916452147,0.23573971810946048,0.9691232694803065,1.6409937073509755,1.9566150209306121,1.4166994817112863
3,459,153,1.0,0.6175588459838939,0.7253189141160645,0.7698043399485596,1.1514145113443717,1.8927427362208844,1.751286774922077
1,460,154,1.0,0.5817681460900035,0.5314189934406031,1.0216310041658354,1.1444908917363963,1.6616800369091478,1.9522708910110178
2,461,154,1.0,0.9375663309761934,0.7224530979320658,0.6658328192796457,0.9534567872449335,1.3637420281926844,1.877867171238677
3,462,154,1.0,0.08406467318964217,0.4220377938043305,1.519334477066197,1.2538720913726689,1.2632365084899946,1.9018103605987728
1,463,155,1.0,0.5802463990488504,0.48345805221377025,0.8842558433128176,0.7823472837591624,1.726209076344955,1.970384546006923
2,464,155,1.0,0.07713910118677991,0.3104706451102981,1.3873631411748881,0.9553346908626346,1.3632967236521643,1.944803194196815
3,465,155,1.0,0.8071167421260377,0.4718766386488643,0.6573855002356304,0.7939286973240683,1.5367516464775537,1.9741504078993914
1,466,156,1.0,0.36358291478689797,0.3625361137699108,1.318394690494101,0.7775287595197842,1.7150105414061625,1.970501523829959
2,467,156,1.0,0.9425899264404638,0.26963969005123567,0.7393876788405352,0.8704251832384593,1.4404051430916287,1.9362255688618304
3,468,156,1.0,0.3758047640536373,0.5078890694685485,1.3061728412273617,0.6321758038211465,1.7250958767978297,1.92391232502803
1,469,157,1.0,0.913940201899424,0.5471946519952374,0.4474832964927421,0.19840617331011445,1.2396016621587291,1.6337413314190214
2,470,157,1.0,0.409439866438711,0.15054111959479055,0.9519836319534551,0.5950597057105613,1.646443133288055,1.8439316157264762
3,471,157,1.0,0.0380434300540311,0.0478650537153239,1.323380068338135,0.697735771590028,1.335468613600545,1.7688357188053063
1,472,158,1.0,0.6628794542062523,0.9894897487322999,1.0945436696521127,1.5178049194462395,1.8103559845251493,1.8639136052962573
2,473,158,1.0,0.24957119001864514,0.8980252550732286,1.5078519338397198,1.609269413105311,1.5444923846173937,1.91716964006626
3,474,158,1.0,0.8449724796334677,0.619779664373011,0.9124506442248974,1.8875150038055284,1.6689080529337441,1.797744961483763
1,475,159,1.0,0.37771142152288584,0.7917914923467789,1.795697242784418,0.7796894968149195,1.5217131772355335,1.5862079348567826
2,476,159,1.0,0.8202391375109483,0.0685475525388759,1.3531695267963555,1.5029334366228224,1.7983463375777222,1.2544013974473458
3,477,159,1.0,0.9754581052734697,0.7111419442760436,1.1979505590338342,0.8603390448856548,1.675756819138571,1.6552269783697064
1,478,160,1.0,0.2574661753254951,0.3012707967710355,0.8757396274003337,1.332293306788466,1.6431480056125605,1.7331441617528927
2,479,160,1.0,0.019111051487145314,0.7833044206520385,1.1140947512386834,0.8502596829074629,1.4406434845880187,1.7392397889992153
3,480,160,1.0,0.8566285759131884,0.5489888861364274,0.2765772268126404,1.084575217423074,1.194250352139697,1.8870568384960666
1,481,161,1.0,0.31928874070414537,0.41885258397715386,0.4300714987303953,0.8559710336050302,1.970411440249137,1.9967798412802715
2,482,161,1.0,0.2792681547918535,0.46707798932487565,0.47009208464268715,0.8077456282573084,1.982031858915529,1.991582772641486
3,483,161,1.0,0.15080334393854178,0.3888930442801546,0.5985568954959989,0.8859305733020295,1.9556440298531355,1.9930085887216356
1,484,162,1.0,0.2378999567873129,0.8351445915206341,0.8866844632590827,0.6667666422943084,1.9146734077772747,1.4699891683289277
2,485,162,1.0,0.4043285790845692,0.6665738557596665,0.7202558409618264,0.835337378055276,1.96661183496333,1.6134083889268105
3,486,162,1.0,0.48235588417451347,0.00019278653464183115,0.6422285358718821,1.5017184472803007,1.9359220439387252,1.1394298632216278
1,487,163,1.0,0.5759402545731807,0.3290969691464538,0.38149386218124304,1.5506184121227298,1.7176665675010498,1.6055999231282885
2,488,163,1.0,0.1171835209148514,0.5908159953527916,0.8402505958395723,1.288899385916392,1.7887995920759465,1.8065072641541313
3,489,163,1.0,0.26431034126639164,0.9598024167699383,0.6931237754880321,0.9199129644992454,1.8860395725864347,1.5445143816990878
1,490,164,1.0,0.5421526915708017,0.5728262401387612,1.7650946598601835,1.10610427056401,1.7803115823779914,1.7793027799901426
2,491,164,1.0,0.8572856690325366,0.21154697201744843,1.4499616823984487,1.467383538685323,1.902913712838931,1.5048282226488752
3,492,164,1.0,0.907808990827647,0.8945572985465616,1.3994383606033383,0.7843732121562096,1.8722991677057057,1.5288578786995377
1,493,165,1.0,0.7882611684388549,0.8219266806053531,1.168094701535888,1.0953007472433287,1.8871321792912692,1.8454636167316016
2,494,165,1.0,0.45034692028109,0.469497755974851,1.506008949693653,1.4477296718738308,1.8230852558211885,1.859062456205462
3,495,165,1.0,0.7177477812547981,0.6258029912684777,1.2386080887199449,1.2914244365802041,1.9260334822165033,1.938130565693629
1,496,166,1.0,0.37584834578332027,0.6556520453446122,0.8498248641413484,1.0992977981856238,1.8377773563298505,1.9709134635859795
2,497,166,1.0,0.7122807499973326,0.49055691220832676,0.5133924599273361,1.2643929313219093,1.6116760016398834,1.9592413414165704
3,498,166,1.0,0.1375441141440158,0.608740885977297,1.0881290957806529,1.1462089575529388,1.6634856208745812,1.9839314034243332
1,499,167,1.0,0.33462916544118104,0.21311842626428112,1.2969302473085231,0.5591471192234544,1.8046836023640447,1.8480176424508028
2,500,167,1.0,0.5755568031911441,0.005197606819745015,1.05600260955856,0.7670679386679905,1.9225683814493841,1.6976726387672865
3,501,167,1.0,0.721373444117379,0.5539495124037094,0.9101859686323251,0.21831603308402614,1.840039141719395,1.6303101336691026
1,502,168,1.0,0.7500674974618178,0.4014406263911501,0.22654002110182359,0.5355228994406073,1.3301050617819956,1.9643041051989139
2,503,168,1.0,0.0018835521820261825,0.25575422654354374,0.9747239663816152,0.6812092992882136,1.5229187558306956,1.978422600677232
3,504,168,1.0,0.2246564689197974,0.27976867289706353,0.751951049643844,0.6571948529346938,1.7103534343959792,1.9847284497659745
1,505,169,1.0,0.88950720655872,0.288616396875487,1.1641762243618707,0.5800837561489246,1.6817494572015583,1.9765483349216206
2,506,169,1.0,0.2705818868808437,0.18144566161101883,1.783101544039747,0.6872544914133928,1.3600804722370787,1.9425029220454824
3,507,169,1.0,0.8935943374810271,0.3986380945379058,1.1600890934395638,0.47006205848650584,1.6782976060362114,1.9418909753286169
1,508,170,1.0,0.4047542466250458,0.9006244095105653,1.3691525637472763,1.1718869574584256,1.8330940107464682,1.7603799799975788
2,509,170,1.0,0.5821938016969553,0.7747135697659837,1.1917130086753667,1.2977977972030073,1.9279438503754793,1.8514272916039185
3,510,170,1.0,0.786958762050321,0.3971733876924419,0.9869480483220011,1.675337979276549,1.8230264823400453,1.6432643389493011
1,511,171,1.0,0.6945656494368143,0.4166197162659552,0.7797421998215553,1.6115480845598786,1.647671757166464,1.686455265741635
2,512,171,1.0,0.03809181535841555,0.971101745451389,1.4362160338999541,1.0570660553744446,1.2594604360866808,1.6317512548059787
3,513,171,1.0,0.7416503844631398,0.6404463391084895,0.7326574647952299,1.3877214617173443,1.6073596457111727,1.8475677269456565
1,514,172,1.0,0.8466633785861151,0.14050571288670877,0.7358849124210927,0.5724054411969006,1.5338836268570641,1.844416758350408
2,515,172,1.0,0.11060930339277741,0.5360095918164816,1.4719389876144304,0.17690156226712783,1.3490113830027224,1.6342986358303553
3,516,172,1.0,0.6252756090283152,0.036395849380419065,0.9572726819788925,0.6765153047031903,1.7194661264015245,1.7683212077814772
1,517,173,1.0,0.9036654450993189,0.006567678117862408,1.5864001832181356,1.0821588640964053,1.9312328909200829,1.4237152299456877
2,518,173,1.0,0.9460263984882826,0.19077415596495162,1.5440392298291719,0.8979523862493162,1.909014831753984,1.578739941364518
3,519,173,1.0,0.640373784729853,0.8913847081314538,1.8496918435876015,0.19734183408281403,1.8438334052911838,1.069180755035746
1,520,174,1.0,0.7954460190596776,0.2879596268391633,0.702042760024494,1.1631080206739945,1.635467539964136,1.8181314084996254
2,521,174,1.0,0.4292604279451592,0.4764694910110838,1.0682283511390125,0.974598156502074,1.8503216457652933,1.9218783290615082
3,522,174,1.0,0.2727823320793348,0.6866385296629107,1.2247064470048368,0.7644291178502471,1.736769776297832,1.8098336966396613
1,523,175,1.0,0.1761740896854851,0.8256660327035044,0.9072518740676083,0.9580771243970763,1.851736634170689,1.5222032090580506
2,524,175,1.0,0.46081560694053536,0.9264667901223755,0.622610356812558,0.8572763669782051,1.9219677721131716,1.4388746313364882
3,525,175,1.0,0.44643626712707296,0.031610334274700724,0.6369896966260205,1.75213282282588,1.9293553739795648,0.9812965328648555
1,526,176,1.0,0.9692936842686825,0.6188160455646494,1.2972031616205437,0.8988251115169854,1.7163540857141237,1.801148541238711
2,527,176,1.0,0.8996098857758524,0.7333961790266276,1.3668869601133737,0.7842449780550073,1.7723846061393453,1.7112302644158655
3,528,176,1.0,0.3975932758446912,0.16542893249035784,1.868903570044535,1.3522122245912769,1.4984268144151442,1.5384644111160135
1,529,177,1.0,0.4860382186934634,0.11745747852590238,1.2088790944322778,1.5712901265748775,1.8503605614804233,1.2749792364937325
2,530,177,1.0,0.8605362719726981,0.6056581749318879,0.8343810411530431,1.083089430168892,1.638389769151145,1.6663981354406712
3,531,177,1.0,0.3483428224595797,0.9656319516429896,1.3465744906661614,0.7231156534577903,1.7504663846189996,1.3655077503560917
1,532,178,1.0,0.4922447921571165,0.8386555693586615,0.7280267630228029,0.7672654904773394,1.9620814905564417,1.538626028224698
2,533,178,1.0,0.31119545676590143,0.6892445923722407,0.9090760984140179,0.9166764674637602,1.956655640187542,1.6661796973754268
3,534,178,1.0,0.41683130625690146,0.07802089810509871,0.8034402489230179,1.5279001617309023,1.9832320448650251,1.2489583484705609
1,535,179,1.0,0.7940609186449,0.9721920697486942,0.6528129331901996,0.23702103152233123,1.565408305169613,0.9653895723952803
2,536,179,1.0,0.5420554699031369,0.14815191339916767,0.9048183819319627,1.0610611878718577,1.768726462867329,1.5035941917190236
3,537,179,1.0,0.11075746328706271,0.08886911812316356,1.336116388548037,1.1203439831478619,1.4571991916527343,1.454778817945586
1,538,180,1.0,0.3948464213587102,0.3625980534553501,0.3079056560022637,1.151754367582749,1.8839657725354195,1.881714465152743
2,539,180,1.0,0.1983001338084247,0.7063526383307394,0.5044519435525492,0.80799978270736,1.954270324034769,1.8227188329758488
3,540,180,1.0,0.10960552219383901,0.4454017292520098,0.5931465551671349,1.0689506917860894,1.9140237037872994,1.9273383740026861
1,541,181,1.0,0.8157274433098725,0.8078992895529217,1.587039971649772,1.9196361520960514,1.960541414489632,1.9539109836469681
2,542,181,1.0,0.9329923097548746,0.9441262967426353,1.46977510520477,1.7834091449063378,1.9114831435268442,1.9806288952982505
3,543,181,1.0,0.6540476618948976,0.9755098553534162,1.748719753064747,1.752025586295557,1.8993384282386188,1.971313202610831
1,544,182,1.0,0.5221257741091901,0.6337734145049679,0.8078284746802233,1.527199152854263,1.9283885934997387,1.946312340168273
2,545,182,1.0,0.25181256574846533,0.8671230038394806,1.0781416830409483,1.2938495635197504,1.841149518324574,1.9050413941613582
3,546,182,1.0,0.556015908931758,0.6600761490147825,0.7739383398576555,1.5008964183444484,1.9104651609903411,1.9573458648314044
1,547,183,1.0,0.1968850798218903,0.5277473284118156,0.8080456171614875,1.823201553291456,1.730783552040665,1.7255735738322957
2,548,183,1.0,0.737455057599048,0.8929933278583022,0.26747563938432983,1.4579555538449696,1.3876185835840342,1.8737269254752316
3,549,183,1.0,0.07059055956243954,0.9302082254331538,0.9343401374209382,1.4207406562701177,1.625187484830408,1.849078668351504
1,550,184,1.0,0.44935351920621225,0.8916762836051075,0.4810258411667552,1.0902114845900415,1.8899635625809812,1.5169334205126233
2,551,184,1.0,0.1212877148842254,0.09262002326717589,0.809091645488742,1.8892677449279733,1.8426899651995616,0.9689728342389472
3,552,184,1.0,0.35973812628252977,0.9975914613228657,0.5706412340904377,0.9842963068722834,1.9367288886681602,1.4297287388091198
1,553,185,1.0,0.25044243287838663,0.07824151950707159,1.0817548471408123,0.8491231197905786,1.773774215030513,1.7370986921642433
2,554,185,1.0,0.7480155023751605,0.25843184395094376,0.5841817776440384,0.6689327953467065,1.622983773581392,1.8635320513208216
3,555,185,1.0,0.3337393447656518,0.5906912758396349,0.9984579352535471,0.33667336345801535,1.8353808373985872,1.6645249601060863
1,556,186,1.0,0.10351517276331135,0.1532667088430275,0.14726345161392795,1.3440568480880024,1.9883009912716496,1.4699730365995436
2,557,186,1.0,0.14421896509244592,0.9594428932019402,0.10655965928479338,0.5378806637290897,1.9786116338446258,1.2407033994362275
3,558,186,1.0,0.003044486521482037,0.3846139548860622,0.24773413785575726,1.1127096020449678,1.9702234790695898,1.666501393852823
1,559,187,1.0,0.2343838618378835,0.15918005687890857,0.8360823977602024,1.5167744357051043,1.681376017758768,1.3966503505840846
2,560,187,1.0,0.8051868846306175,0.7670581502545866,0.26527937496746845,0.9088963423294263,1.271009161361992,1.6907681864325128
3,561,187,1.0,0.03089551312958494,0.7497162854505177,1.0395707464685011,0.9262382071334951,1.508509286655693,1.7052807740374534
1,562,188,1.0,0.5883677174404541,0.5246467057669207,0.8545128290076793,1.3300755304594623,1.9229568304121307,1.9287597546592867
2,563,188,1.0,0.54581367415865,0.5337374425027085,0.8970668722894835,1.3209847937236745,1.9435188170409274,1.9332822167803911
3,564,188,1.0,0.3086991548490293,0.7963380879567538,1.1341813915991041,1.0583841482696292,1.8700940634653693,1.862207247599048
1,565,189,1.0,0.11267082009853124,0.947982093058478,1.1704784326003899,0.9118292247037326,1.524650950904332,1.4905578778648239
2,566,189,1.0,0.2920117838802806,0.14108925629766988,0.9911374688186405,1.7187220614645407,1.6773275978939295,1.1941815026156206
3,567,189,1.0,0.8784666487201093,0.7707399684060627,0.40468260397881184,1.089071349356148,1.2652814431589439,1.6417707174396772
1,568,190,1.0,0.6040412092195588,0.8541277165678925,1.0735613138887405,1.4868024292819673,1.990954810482029,1.9697466250408127
2,569,190,1.0,0.5397726016411445,0.6881123451859373,1.137829921467155,1.6528178006639225,1.9958422583809243,1.960662253285957
3,570,190,1.0,0.533788712247596,0.7986900840960298,1.1438138108607032,1.5422400617538299,1.9950409395186774,1.9847784017521741
1,571,191,1.0,0.7993123351719712,0.3833757291757357,1.4643729886731678,0.3281731357446961,1.9510933350268154,1.880192508388155
2,572,191,1.0,0.5892335269403526,0.041038870719438014,1.6744517969047865,0.6705099942009938,1.8783360799073727,1.830646686674518
3,573,191,1.0,0.8751394617328152,0.2871342650252581,1.388545862112324,0.4244145998951737,1.9157762350259224,1.932014867586708
1,574,192,1.0,0.2139867270976442,0.2502236744685863,1.5639444901533786,0.6113768040970083,1.4364187384046643,1.9781057466039333
2,575,192,1.0,0.9350265961608493,0.21635615442252765,0.8429046210901734,0.645244324143067,1.5051344766263373,1.9674367439656208
3,576,192,1.0,0.6289178939925292,0.3950206496744807,1.1490133232584934,0.46657982889111393,1.7523914167069554,1.9478351932711142
1,577,193,1.0,0.6550466801524132,0.5999302360388235,1.071188098317041,1.4319264389918893,1.9411568233296514,1.9716353105771849
2,578,193,1.0,0.40889685745901827,0.7449962936257785,1.3173379210104357,1.2868603814049342,1.8790185512296462,1.9758097223212672
3,579,193,1.0,0.6622912408580226,0.6869301453661107,1.0639435376114315,1.344926529664602,1.9377567633348467,1.989093588552268
1,580,194,1.0,0.22331865542137763,0.36185830383767725,0.9824046886848786,0.9165403408182006,1.8595331259710206,1.6321028119835868
2,581,194,1.0,0.45602155918596954,0.9028516021959271,0.7497017849202867,0.37554704245995074,1.942350878922876,1.1998333341353726
3,582,194,1.0,0.5263831294989091,0.013688738622273489,0.6793402146073472,1.2647099060336044,1.907305215428107,1.3394050041744363
1,583,195,1.0,0.09307931012204884,0.11345779901572428,0.8752610949561774,0.7572662247873665,1.735089473712037,1.7942468458426375
2,584,195,1.0,0.6126358418146161,0.16771273469346337,0.3557045632636102,0.7030112891096274,1.64812541719279,1.8340453173604176
3,585,195,1.0,0.2626252531415614,0.5895534900939031,0.7057151519366649,0.28117053370918765,1.8563627512502263,1.634170703020007
1,586,196,1.0,0.8557546828492049,0.24883242848121456,1.0810076912409925,0.7270656798306071,1.7118484827967473,1.913329662629917
2,587,196,1.0,0.2758348417890967,0.5423831175575422,1.6609275323011006,0.43351499075427946,1.4700372966684014,1.7973340602107948
3,588,196,1.0,0.8051728494518957,0.1846825622730649,1.1315895246383016,0.7912155460387568,1.7530783105869916,1.8757908986204384
1,589,197,1.0,0.3162394864266286,0.1157258110065581,1.0152542740262884,1.0780130527427798,1.8658903728533982,1.4852023979385365
2,590,197,1.0,0.6956920104157014,0.9661133633001469,0.6358017500372155,0.22762550044919116,1.7339795179630542,0.967279780326304
3,591,197,1.0,0.3195622636105869,0.11189968944263307,1.01193149684233,1.081839174306705,1.8680670635351273,1.482048104189629
1,592,198,1.0,0.37579689384941295,0.44948313834116926,1.5809464035360432,0.5137470231507951,1.6583830563282285,1.8508412909734586
2,593,198,1.0,0.94331327368244,0.465782872984976,1.013430023703016,0.4974472885069884,1.6354362992152451,1.8395503317863833
3,594,198,1.0,0.6376331298536032,0.04796415016581912,1.319110167531853,0.9152660113261453,1.8445314456481006,1.6909229148784304
1,595,199,1.0,0.9284823950279197,0.926875550637796,0.6818642186302228,0.8856096609551065,1.3788315601771302,1.467230155520999
2,596,199,1.0,0.6287120020675608,0.8161704307576354,0.9816346115905817,0.9963147808352671,1.632069002724418,1.560396496458878
3,597,199,1.0,0.053152216562662,0.06943923019747111,1.5571943970954805,1.7430459813954315,1.1827864573492173,1.0519883105302759
1,598,200,1.0,0.47097381318673415,0.5466192517609937,0.646633196640333,1.2512872705748779,1.956700296502142,1.9188951825995875
2,599,200,1.0,0.33274370484477367,0.4369712573199891,0.7848633049822935,1.3609352650158826,1.9807184112941623,1.8553330622226756
3,600,200,1.0,0.31388949179555936,0.8143160132548888,0.8037175180315078,0.9835905090809828,1.975271048860587,1.79812964282875
