firmid,cdid,id,price,const,caffeine_score,caffeine_score_cost,share,outshr
1,1,1,1.8705860091281536,1,0.9661590405603139,0.08665911932931925,0.2447519028965209,0.0409142381802651
2,1,2,2.5893831114632917,1,0.10521355425600065,0.048519203519990284,0.01264492844360211,0.2730212126331839
3,1,3,2.227902960447249,1,0.21746812565471452,0.7324954106160811,0.028269309736663015,0.257396831340123
1,2,4,1.9056082821297846,1,0.5971044799854418,0.005547060646385549,0.06417447756972311,0.27007889940990265
2,2,5,1.9431600768540658,1,0.8436257248666764,0.9250196889887174,0.15391123044227636,0.1803421465373494
3,2,6,1.656212371540523,1,0.6324269599565421,0.015423739123101021,0.11616766896762633,0.21808570801199945
1,3,7,2.5564042277911643,1,0.3281002940235651,0.9641734416565139,0.013373091048829042,0.3232543187215877
2,3,8,1.6773385538197716,1,0.5594084052632972,0.491374413958927,0.26067258264508364,0.07595482712533314
3,3,9,1.7142501959541327,1,0.13264823631391842,0.175673706049584,0.06258173607650408,0.2740456736939127
1,4,10,1.518386329439569,1,0.7347240241530882,0.8925684507608674,0.23849495152188094,0.32680253569649664
2,4,11,1.7772674077090076,1,0.9420657989945442,0.6831347034939569,0.31098320644316757,0.25431428077521
3,4,12,2.3976245752381127,1,0.3298277294814216,0.071787874990346,0.015819329253329115,0.5494781579650485
1,5,13,1.4815737741813253,1,0.7977146759172664,0.8381795942737389,0.20476921013409746,0.1443929535245352
2,5,14,1.4825264765608086,1,0.2489415704668182,0.4886315645608046,0.10572305926861439,0.24343910439001828
3,5,15,1.6881729827597338,1,0.045780925783150406,0.1377436711176937,0.03866989425592082,0.31049226940271185
1,6,16,1.3669774889256692,1,0.04869791526657974,0.5912288856648902,0.11319119808805875,0.18031348895188867
2,6,17,2.3045388949324734,1,0.11133095547963368,0.5304252833571735,0.01707288002385158,0.2764318070160958
3,6,18,1.7860712803195775,1,0.9328072677123346,0.2908725034100823,0.1632406089280371,0.13026407811191032
1,7,19,1.258155066083076,1,0.4037278433276954,0.7569379101243227,0.19899399593413797,0.18488906492809631
2,7,20,1.8366607313598826,1,0.12159552388399797,0.6062625672297771,0.05308948442273872,0.3307935764394956
3,7,21,2.031035006843789,1,0.8204872793075424,0.31543071605415607,0.1317995805053576,0.25208348035687667
1,8,22,2.133636395546024,1,0.3031471154628179,0.7324611179496774,0.050276913177745144,0.24214951621347308
2,8,23,2.2203660349913505,1,0.684571628030409,0.42553457727099664,0.10957230308144408,0.18285412630977413
3,8,24,1.7480104766555953,1,0.4481198651491073,0.5302462602579886,0.132577213132029,0.15984921625918921
1,9,25,2.2764386426391017,1,0.18808915751214217,0.646150763333019,0.03927269026054156,0.19945807445681038
2,9,26,1.755791759969786,1,0.06430513160003015,0.3743951476920926,0.06467478787828339,0.17405597683906854
3,9,27,2.246803627560354,1,0.5321664058047565,0.5472276623693211,0.134783286578527,0.10394747813882493
1,10,28,3.1127919349301614,1,0.03636799703744187,0.3285781391445739,0.003293559742344222,0.43938943722679125
2,10,29,1.5246891210331563,1,0.8823250790377124,0.606821054433417,0.2535866172333694,0.1890963797357661
3,10,30,1.3420266254301072,1,0.8726654909598395,0.4716759163405261,0.1858028199934219,0.2568801769757136
1,11,31,3.706957074097737,1,0.056949877272606586,0.9599919531269526,0.003527138815821224,0.09718690541939125
2,11,32,2.925822055270071,1,0.24340118830951196,0.8469105467642453,0.015034389243554531,0.08567965499165794
3,11,33,1.507355517096304,1,0.003230618860878387,0.8040915881157138,0.08215251617583672,0.018561528059375762
1,12,34,1.3127543296721027,1,0.05651183776731972,0.695863304821518,0.0658197688514484,0.16048299012666878
2,12,35,1.8150052508717833,1,0.014055767463349134,0.7614406980606838,0.021019915760003238,0.20528284321811396
3,12,36,1.3835042139372076,1,0.22304268572699504,0.6026430381772396,0.13946307436666555,0.08683968461145164
1,13,37,1.6711139347576869,1,0.3877130556688585,0.05416141567910393,0.11101499959591489,0.16991236664162518
2,13,38,2.2578256403111308,1,0.11343481192127425,0.528513764950182,0.01757720924116416,0.2633501569963759
3,13,39,2.06815793332796,1,0.8232560572302313,0.37057922651786956,0.152335157400461,0.12859220883707906
1,14,40,1.2871587332183143,1,0.23710385538158996,0.2713883673935962,0.15806310026989767,0.04237441789917157
2,14,41,2.0206280662585883,1,0.09902231337160561,0.8845701185430446,0.028835199011893672,0.17160231915717555
3,14,42,2.756956994945753,1,0.1809693473944749,0.910560243760504,0.013539218887277906,0.18689829928179133
1,15,43,1.6738824071141487,1,0.4219305423348254,0.5547885218634465,0.047067027469928975,0.32094350663876114
2,15,44,1.9990845680834832,1,0.6132224058045257,0.6278934334282646,0.15836432337012363,0.20964621073856649
3,15,45,1.345859764077034,1,0.31687973053685603,0.34950440713930353,0.16257918326863752,0.2054313508400526
1,16,46,2.591737393904533,1,0.26072312738929637,0.7908809196212623,0.026451094288693865,0.3921393511292467
2,16,47,1.4479168260387831,1,0.850505735910284,0.7097048956143794,0.28181951557771195,0.1367709298402286
3,16,48,1.5719004817027535,1,0.2994186294190633,0.6037712588558662,0.1103198355515347,0.30827060986640586
1,17,49,1.6278174736303648,1,0.8718644655882034,0.7686687154005173,0.2721378656682203,0.2378353881334353
2,17,50,2.213250718167632,1,0.41875357956517867,0.45976924887265536,0.03705379574582908,0.4729194580558265
3,17,51,1.5098805564258098,1,0.7243516406104686,0.7704075520567281,0.20078159238760615,0.3091916614140494
1,18,52,2.2691582828378434,1,0.9026841023034139,0.5883698347202286,0.09705154784405774,0.30584410055417716
2,18,53,1.805429036448838,1,0.9122177401065444,0.35018605674051406,0.21648427748565913,0.18641137091257576
3,18,54,1.6702436465647805,1,0.42025503700561595,0.8347639944444493,0.089359823068518,0.3135358253297169
1,19,55,1.3937434712135945,1,0.6790470602821959,0.06829392826050973,0.15817234043191147,0.2051743950247062
2,19,56,1.2367682859470253,1,0.4118773488671936,0.5812387361861595,0.19149335263642375,0.1718533828201939
3,19,57,2.5442363671522124,1,0.13426201746402378,0.013905241780406752,0.013681042388282424,0.3496656930683352
1,20,58,2.8382945849412318,1,0.20754465025375401,0.1667403701192367,0.012010965856038948,0.33839914815962396
2,20,59,1.6040392296068817,1,0.7613083252463285,0.06332647931173341,0.2150994831607029,0.13531063085496
3,20,60,2.1726864742538163,1,0.9152689556697723,0.15226364135481896,0.12329966499892103,0.22711044901674188
1,21,61,1.4527386277029093,1,0.8722279531641515,0.3888305527290761,0.21480490416763587,0.2986632513096553
2,21,62,1.4976402151618355,1,0.301376775523831,0.8435617128582924,0.07269088406322874,0.4407772714140624
3,21,63,1.9699959450013433,1,0.9692416181621845,0.6686382090493509,0.22597236724642658,0.28749578823086464
1,22,64,2.2276701355668624,1,0.9408590593844088,0.5670657341795283,0.19736738190777525,0.2563130041606778
2,22,65,2.246738263563551,1,0.4367242094501854,0.004559668616758161,0.016945314001642,0.43673507206681106
3,22,66,1.2186186950789262,1,0.6280418205337367,0.39383575102392687,0.23936769015903583,0.21431269590941723
1,23,67,1.5126524126216974,1,0.6358877389922956,0.40501221398481035,0.08754503683643058,0.43481463391114716
2,23,68,1.737379489433025,1,0.8764797562662338,0.5997275888586454,0.3814522820048476,0.14090738874273012
3,23,69,2.34144796036432,1,0.6218363186222291,0.08676827671577614,0.05336235190629951,0.4689973188412782
1,24,70,1.7817749742965143,1,0.282835442835349,0.8128519809343817,0.057994911504166205,0.4072986281272322
2,24,71,1.5402843349832989,1,0.917064739349922,0.016498635447124932,0.32842237156762993,0.13687116806376848
3,24,72,1.9018073817810448,1,0.6453024246087855,0.9115689564798827,0.07887625655960226,0.3864172830717961
1,25,73,1.8587460688301367,1,0.6978503031037148,0.3077215887224193,0.17275267755732313,0.2584829321361103
2,25,74,1.6172246941177986,1,0.5282557423831261,0.5545542530200983,0.12283796527922544,0.308397644414208
3,25,75,1.7233185463107719,1,0.7863202292253954,0.6552128713395353,0.13564496685688493,0.2955906428365485
1,26,76,1.4321616094039595,1,0.3559443615523187,0.49854619429559965,0.10060327182209085,0.3064964801541226
2,26,77,1.4152957942750666,1,0.4811683407975289,0.9703229979831741,0.2036642236661647,0.20343552831004874
3,26,78,1.5390839278823627,1,0.15459825803927796,0.7112989517928135,0.10283225648795791,0.30426749548825555
1,27,79,2.12192045055289,1,0.2426944528414886,0.3130109224191433,0.029992572334080744,0.2802170553509568
2,27,80,1.965873466891447,1,0.8497804214711184,0.23845646463006953,0.2473640716250744,0.06284555605996317
3,27,81,2.2284325196008354,1,0.40867717561045813,0.8301610126989645,0.032852983725882405,0.27735664395915516
1,28,82,1.2874315185548437,1,0.7797538070120095,0.9344144314822695,0.33470409825007613,0.39327845783808507
2,28,83,1.5282924689236428,1,0.94462498595442,0.5737921587665228,0.13182875038622593,0.5961538057019353
3,28,84,1.6686478205495936,1,0.7005733403791814,0.7754502827063473,0.2614497074518592,0.466532848636302
1,29,85,1.4047309906264065,1,0.8304251049817347,0.6668670622223177,0.2797205468424258,0.14101188002198706
2,29,86,2.21086750872767,1,0.8154876442957072,0.44227911426213296,0.12555746133515833,0.29517496552925454
3,29,87,2.8959361974287843,1,0.36286574646531033,0.15157557712916403,0.015454418686828715,0.40527800817758414
1,30,88,1.9971776233087417,1,0.018033986702954752,0.03630405710900608,0.031145691275774823,0.27172513521148495
2,30,89,1.6456931925159124,1,0.8318228963660091,0.6303663724738066,0.19899709405637012,0.10387373243088965
3,30,90,1.9153442606309716,1,0.4745951871265528,0.5235641742088162,0.07272804115511482,0.23014278533214494
1,31,91,1.9642873091283355,1,0.7075233262398165,0.19838430920851724,0.07531949717765722,0.30209461639230384
2,31,92,2.2479129533293745,1,0.8591743685822453,0.639979711769903,0.06324026993258312,0.31417384363737794
3,31,93,1.7140936091588244,1,0.8188822143094258,0.8574246759739464,0.2388543464597207,0.13855976711024037
1,32,94,2.9737968432535564,1,0.5839010067605476,0.2028229951275361,0.021064604032326763,0.05564998804308233
2,32,95,2.4532101834614437,1,0.31476919026939465,0.3082828749166431,0.04875620681086367,0.027958385264545423
3,32,96,3.3402558032471847,1,0.1856721189692655,0.013059889588373341,0.006893781232218668,0.06982081084319043
1,33,97,2.013865263972046,1,0.4154183978810343,0.6403175975623215,0.07076808435788186,0.511415856526468
2,33,98,1.1393167920610683,1,0.36660135785882964,0.10911554163055126,0.2621858088072862,0.3199981320770637
3,33,99,1.3906728326741495,1,0.9341356137516349,0.15800700599541528,0.2492300477191819,0.332953893165168
1,34,100,1.5212990341451733,1,0.1385602877169898,0.1449734139532064,0.0426833393715343,0.2705447055334568
2,34,101,2.679587345281723,1,0.4293785689667491,0.62937612531947,0.02878214535498261,0.28444589955000843
3,34,102,1.6702433692694048,1,0.7899207739648882,0.9252253192770025,0.24176256017847414,0.07146548472651693
1,35,103,1.6082175986565495,1,0.9994318487524696,0.35882021102526884,0.3469824300854757,0.27637661473828856
2,35,104,1.70309463271689,1,0.7762963316925521,0.16970728693978998,0.22706222597169837,0.3962968188520659
3,35,105,2.2758311178554096,1,0.6450116111086515,0.472596768357628,0.04931438876659025,0.574044656057174
1,36,106,3.420380576105355,1,0.35161198533091076,0.822094930296841,0.00588956942653071,0.3036195796425614
2,36,107,1.803873519765916,1,0.8969134816529377,0.36385297166154595,0.1198124712621046,0.1896966778069875
3,36,108,1.6003187636836413,1,0.38600478742001343,0.9510060644303805,0.18380710838045677,0.12570204068863533
1,37,109,1.9839123356975805,1,0.9204703517388848,0.5286878626762889,0.19617491024768668,0.34073389519676106
2,37,110,1.4994211282958532,1,0.42366780646998614,0.5858774714319464,0.10757414953950206,0.4293346559049457
3,37,111,1.960140765522409,1,0.7705030929366748,0.25635423798402057,0.23315974565725894,0.3037490597871888
1,38,112,1.7267941894081482,1,0.19031684889545764,0.4659919791832118,0.08355048554624336,0.16550394300634572
2,38,113,1.1099755953239456,1,0.08526245470148852,0.5431131037275599,0.12522069728714139,0.1238337312654477
3,38,114,2.3147227640755017,1,0.442227791997146,0.08754987713219153,0.040283245719204344,0.20877118283338475
1,39,115,1.9453999395001327,1,0.05981946334660315,0.6443270624695028,0.039510388133951094,0.24327347958292567
2,39,116,1.9082825201835154,1,0.03189579873264459,0.5317163625084135,0.020484617743915506,0.2622992499729612
3,39,117,1.367263789708257,1,0.03206622972317108,0.9669067080437763,0.22278886183901012,0.05999500587786663
1,40,118,1.7428451123185928,1,0.6957073151035604,0.7069849622734669,0.19484410042155192,0.15288321797547194
2,40,119,2.133435995248002,1,0.5628878396224716,0.615556754563964,0.08894532668496144,0.2587819917120624
3,40,120,1.7325759362300839,1,0.16186065601038513,0.3155958709946105,0.06393789129051052,0.28378942710651334
1,41,121,1.6204442592796724,1,0.6153101275769317,0.7496718587080671,0.14455632309097755,0.1310990369409208
2,41,122,2.645045661895658,1,0.8068941069786195,0.4072795287447457,0.06654742534586099,0.20910793468603733
3,41,123,1.6322360028768366,1,0.21993315914830724,0.8313343026219909,0.06455161159505977,0.21110374843683855
1,42,124,1.4708700833241952,1,0.2883577337528703,0.7877057316414108,0.14346872024000973,0.20805811836568716
2,42,125,1.328447605911588,1,0.32899066627311746,0.9148541435124763,0.17889134207256047,0.17263549653313642
3,42,126,2.6589122132952716,1,0.34368664532612747,0.6942493945135119,0.029166776293126705,0.3223600623125702
1,43,127,2.127433162479782,1,0.435740933533564,0.5890860894362054,0.03847398048136888,0.29990838088678673
2,43,128,2.3494851812341357,1,0.9043150731166908,0.9158008184537625,0.07085715952012323,0.2675252018480324
3,43,129,1.7674009990564636,1,0.8710280837197545,0.733990253396165,0.22905122136666356,0.10933114000149208
1,44,130,1.5108482655476834,1,0.2817158267799895,0.977354556494535,0.08503776617865333,0.2636589334892776
2,44,131,1.9267967223564675,1,0.928877138578361,0.3852389644648181,0.21300564855678886,0.13569105111114207
3,44,132,1.9929217811701458,1,0.23219298264203259,0.9361991023724245,0.050653284932488704,0.2980434147354422
1,45,133,1.6255507300579493,1,0.5959276668845046,0.5426983748280636,0.3405312096074206,0.12559515626722612
2,45,134,1.4605867078796626,1,0.03187361173110914,0.5693892601032242,0.06432310354678619,0.40180326232786057
3,45,135,1.524902453841249,1,0.1317010610304784,0.6125295820541508,0.06127205272043992,0.40485431315420684
1,46,136,1.71724040990911,1,0.5624724064843304,0.7076290575611203,0.09281186693978663,0.33853065125914183
2,46,137,1.3667116451957795,1,0.3047945100800423,0.4855682383942268,0.08330531599653218,0.3480372022023963
3,46,138,1.919057515470977,1,0.8383913986315322,0.46995432605480336,0.2552253352626097,0.17611718293631878
1,47,139,2.4634759500154204,1,0.4738379995591966,0.3577687943093414,0.021512409106968774,0.35822282258597965
2,47,140,2.1782892901177493,1,0.728746234056791,0.9100847087959051,0.0476759708985299,0.3320592607944185
3,47,141,1.9271602743908418,1,0.9414960264566504,0.4252200273245227,0.3105468516874498,0.06918838000549865
1,48,142,1.957450579084397,1,0.13614494854170522,0.6328921396552949,0.03926026397756238,0.3168893238340543
2,48,143,1.5487950705228894,1,0.2756982945719324,0.23866563548093211,0.0790570710342411,0.2770925167773756
3,48,144,1.72229622833486,1,0.6109135846472143,0.6034402883049284,0.23783225279981324,0.11831733501180347
1,49,145,1.4319733676006259,1,0.8830483128583317,0.24636859232986774,0.2517600132294542,0.16482361342510965
2,49,146,1.3081327948142447,1,0.6533410126274917,0.07043786012297248,0.12362913877383142,0.2929544878807324
3,49,147,1.8838032071995272,1,0.7411438260357,0.5022690941953672,0.041194474651278255,0.3753891520032856
1,50,148,2.5371641094900985,1,0.19962113270311088,0.7575402838766926,0.018101847526644028,0.19710460202645516
2,50,149,2.016865719195093,1,0.6016194228424471,0.7534882489377409,0.05638262838537055,0.15882382116772864
3,50,150,1.8972232173094419,1,0.33972340730796635,0.21610093036607203,0.1407219736410846,0.0744844759120146
1,51,151,2.5574219385339823,1,0.2856245924296059,0.5958474151067267,0.017798552254021664,0.3066004034740341
2,51,152,1.5514004209724173,1,0.6554495092260315,0.47657037891674225,0.11226103361895765,0.21213792210909813
3,51,153,1.6704486596447965,1,0.4102936751042291,0.6459618820287839,0.19433936985507647,0.1300595858729793
1,52,154,1.668839768728975,1,0.7915139903782342,0.34572066918455235,0.24591167661574986,0.16179035930005148
2,52,155,1.7843501868990002,1,0.3229212900267884,0.29587885341106224,0.03700422899822193,0.3706978069175794
3,52,156,1.7362945520889563,1,0.9873734407394271,0.9788906824516808,0.12478613030182957,0.2829159056139718
1,53,157,1.2982778277265403,1,0.7056641297613838,0.005926138635318989,0.25473592450482246,0.1263527552054628
2,53,158,4.482198708680598,1,0.877972394283734,0.7233226280845154,0.001350258873086164,0.3797384208371991
3,53,159,1.9208182128760518,1,0.7998234266012474,0.3800003224743682,0.12500249633237662,0.25608618337790867
1,54,160,2.5151112061729233,1,0.9600436696072742,0.1833362619648783,0.23572741730632832,0.19764296351154234
2,54,161,1.7841540856292957,1,0.7190518417431849,0.49677919852668784,0.0722675932440266,0.36110278757384406
3,54,162,1.836008417418765,1,0.4908459084698148,0.9509878609157656,0.12537537026751575,0.30799501055035494
1,55,163,1.186399818219022,1,0.25784463098256494,0.31531496089793043,0.12082368790755744,0.062000601760905286
2,55,164,2.618351848432937,1,0.3174813367090702,0.3811168122524755,0.024323876071817508,0.1585004135966452
3,55,165,1.978328588560073,1,0.1796547589800831,0.3599732149666399,0.03767672568908776,0.14514756397937498
1,56,166,1.629326426877061,1,0.6237615255499498,0.910225927434583,0.22213889302829276,0.2028599136003994
2,56,167,2.6203517597774666,1,0.11518709505271685,0.9105393139394573,0.012351995310117434,0.4126468113185747
3,56,168,1.8120279556074035,1,0.5274672932469016,0.8572137250646399,0.190507918290282,0.23449088833841017
1,57,169,1.9029132259680117,1,0.500817054574342,0.8714106693458019,0.1146092689562078,0.15244427701183064
2,57,170,2.1607735377158845,1,0.42593230148926964,0.2323425005766353,0.049077972368144866,0.21797557359989356
3,57,171,1.9696874521201884,1,0.49456689947948007,0.642195391543857,0.10336630464368575,0.1636872413243527
1,58,172,1.9302667802302516,1,0.10220282805078373,0.4526071516553182,0.058673109932504006,0.1403350046384076
2,58,173,2.6987062615387662,1,0.07092511667176993,0.4377779731418482,0.02113316095674698,0.1778749536141646
3,58,174,2.163088612239592,1,0.7740665886437106,0.7739590033719297,0.11920184368166059,0.07980627088925099
1,59,175,2.065172782052914,1,0.47892447890934375,0.04961970180067721,0.08496965871453024,0.1975637571292543
2,59,176,2.161497316822918,1,0.6818082732335197,0.9352488441750096,0.1560264885473143,0.12650692729647026
3,59,177,2.1262996571472996,1,0.34811971216950555,0.31449280947765945,0.04153726858194005,0.2409961472618445
1,60,178,1.9054793245330734,1,0.8727139223914301,0.40164940405166794,0.22549876179279615,0.2321449340972802
2,60,179,2.057604639189527,1,0.08333013571564751,0.9793079543663199,0.022924332413643552,0.4347193634764328
3,60,180,1.697297738256787,1,0.9688510206368032,0.7293001991023583,0.20922060168363668,0.24842309420643968
1,61,181,1.4554821021082966,1,0.021133423432707632,0.16223647682078302,0.13463702168433708,0.08993026507832783
2,61,182,2.0534515393942354,1,0.3255633654664605,0.5010521342864529,0.07040883270166504,0.15415845406099987
3,61,183,2.202649991364365,1,0.25168393529809996,0.5681166569575028,0.019521432376662783,0.20504585438600212
1,62,184,1.8459393312345123,1,0.5310137988853106,0.802504039740611,0.0730559278568911,0.18673956696060232
2,62,185,1.5748004938170588,1,0.03087243249728755,0.6629500174950856,0.052067063002735336,0.20772843181475809
3,62,186,1.3932605493474264,1,0.5514644714564864,0.9425158870117407,0.13467250395786695,0.12512299085962647
1,63,187,1.8171003083678687,1,0.7264644034868887,0.31262751632920605,0.24387709256266416,0.19596726568469308
2,63,188,2.1368898562937995,1,0.11559337198081399,0.9944243677878943,0.019863112449641302,0.41998124579771595
3,63,189,2.3152752988800365,1,0.8834029283012595,0.4133914403389789,0.1761041532350518,0.26374020501230544
1,64,190,1.9280409889260532,1,0.14597590535122018,0.9676389636384031,0.043584499470762615,0.149520224367634
2,64,191,1.865103865245183,1,0.05609914206992883,0.34296161801082947,0.022789022029542055,0.17031570180885458
3,64,192,1.210827546165059,1,0.32365230284735946,0.6863565303129953,0.12673120233809196,0.06637352150030468
1,65,193,1.995390430031049,1,0.005882167662667692,0.6081628075554726,0.019457443615080203,0.39047337711181435
2,65,194,1.5191971295001023,1,0.6809362371334056,0.6992880865100567,0.2580945087832325,0.1518363119436621
3,65,195,2.137430918994105,1,0.9142736009925101,0.7828767902120821,0.1323788683285819,0.27755195239831265
1,66,196,1.3188583329690369,1,0.21945613400904118,0.6124475586137836,0.11316342428944397,0.1505398147172709
2,66,197,1.8010720925865629,1,0.517020049405924,0.09342354678926945,0.0987996243517755,0.16490361465493938
3,66,198,1.8483838838950382,1,0.16641007820883547,0.16249477527797374,0.05174019036549542,0.21196304864121945
1,67,199,1.6901913791331515,1,0.1708774747243379,0.24423995868518855,0.04640668361233038,0.4107778432481318
2,67,200,2.0126839835690182,1,0.6594667492368699,0.43318365549416815,0.2976522909538989,0.1595322359065633
3,67,201,1.4161607734513704,1,0.3662085278503031,0.6596399980663831,0.11312555229423289,0.3440589745662293
1,68,202,2.2991618676854295,1,0.1296763233733722,0.7929682268803099,0.045669638979358836,0.2177742992919829
2,68,203,2.4328180238195274,1,0.8542388541276238,0.7962401655276806,0.19381826814418793,0.06962567012715379
3,68,204,3.201084255317588,1,0.8777298217243357,0.5042794482064437,0.023956031147794973,0.23948790712354673
1,69,205,1.8701420363056696,1,0.4869605255986038,0.9540946838041916,0.11528614881014324,0.4246424556143864
2,69,206,2.58219787800675,1,0.6561987738908894,0.06741056773080789,0.05423984216506232,0.4856887622594673
3,69,207,1.7089705883471695,1,0.9952127333204822,0.4865015689623702,0.3704026134493241,0.1695259909752055
1,70,208,1.8019561273530365,1,0.9642691621891923,0.49190095440861137,0.29162210860970106,0.19208181696222942
2,70,209,3.3491409322564247,1,0.6478873114653652,0.5696158186975777,0.010103695541250169,0.4736002300306803
3,70,210,1.6393269627777811,1,0.6983183360864983,0.9038099696501961,0.18197812142097924,0.30172580415095124
1,71,211,2.212175386610485,1,0.5943447142269331,0.06455265562955748,0.04827867310858628,0.22370590864879145
2,71,212,1.4478214976159525,1,0.08001110528862054,0.5117879474243149,0.14172167298629168,0.13026290877108604
3,71,213,1.3079409427116793,1,0.0742008656295321,0.22429602890860334,0.08198423566249975,0.19000034609487798
1,72,214,1.3333344036048618,1,0.1068034203248932,0.1625848406206084,0.11968285392412566,0.25562615316826615
2,72,215,1.6266814729990287,1,0.6885601366781138,0.7711192379080002,0.24206346020212335,0.13324554689026843
3,72,216,2.499998547426478,1,0.1551828587375218,0.9476039807709192,0.01356269296614278,0.361746314126249
1,73,217,1.9663092222417144,1,0.35249086199159463,0.37150535509042615,0.06075522134094333,0.3072907097951454
2,73,218,1.7921547827404471,1,0.6677414545920424,0.3441318207858557,0.10683872346220044,0.2612072076738883
3,73,219,1.4907644633797883,1,0.3769473946479015,0.7426711002945282,0.200451986332945,0.16759394480314374
1,74,220,1.6533548885402543,1,0.4724232186758499,0.18155577882346674,0.24275380756025677,0.0944499738168203
2,74,221,2.2595743347891166,1,0.2552121747585978,0.5429457844201122,0.035129544239422356,0.3020742371376547
3,74,222,2.483118056037611,1,0.6238548035047543,0.7337382278565465,0.059320429577397936,0.27788335179967916
1,75,223,1.9522442494700516,1,0.10329883840473575,0.7895236295848107,0.028785511590003712,0.34237636624600576
2,75,224,1.6081688516370152,1,0.8750659585808932,0.5396756040122145,0.30809437545886653,0.06306750237714293
3,75,225,2.508762693983711,1,0.5741491513968366,0.8354565097116126,0.0342819907871392,0.3368798870488703
1,76,226,1.0525150700148043,1,0.08246802158165845,0.008191749619147148,0.09973273226706202,0.21123895260474285
2,76,227,1.698224254341155,1,0.7931831119944129,0.3543631900902986,0.17929693998763163,0.13167474488417324
3,76,228,2.511587039701005,1,0.6384663216879913,0.6854567271392425,0.03194201261711123,0.27902967225469366
1,77,229,2.393241396128419,1,0.7281102391814857,0.09767533635744763,0.06419055704871852,0.17955981787066477
2,77,230,1.7030561780726876,1,0.230065709179749,0.8996087960409285,0.15698316556910605,0.08676720935027724
3,77,231,3.547602273473233,1,0.8054586134044663,0.2529670302167947,0.022576652301558694,0.2211737226178246
1,78,232,2.0964944749925873,1,0.8030142257834617,0.19789836613837952,0.07620134947061342,0.36645815378315005
2,78,233,1.6716499436583223,1,0.7509188971107595,0.24783797656949347,0.31323963727825455,0.12941986597550892
3,78,234,1.6866715260041252,1,0.14267779119700663,0.891566003516999,0.05321851650489549,0.38944098674886796
1,79,235,1.3750666754443288,1,0.4459560268662697,0.6398438622474483,0.2171005844367162,0.21733141244608334
2,79,236,1.5113240102081855,1,0.18245333761548588,0.5641165377347805,0.05707797346049377,0.3773540234223058
3,79,237,2.1517874466069538,1,0.8429592839999023,0.8329346718211663,0.16025343898558958,0.27417855789720996
1,80,238,1.633666764961554,1,0.43458960386767154,0.8081070647790591,0.13048310110282801,0.12172990490651664
2,80,239,1.492646834616124,1,0.548426033972696,0.9293929354362622,0.10347185409359223,0.14874115191575243
3,80,240,2.5952672640809893,1,0.0927432331818735,0.3632765840955423,0.018258050812924417,0.23395495519642023
1,81,241,1.2196079383255503,1,0.35775480706516316,0.08243559017062019,0.17488656432232433,0.15734765975971518
2,81,242,1.9823957186118935,1,0.598570457176662,0.9798321064328024,0.1331761121686052,0.1990581119134343
3,81,243,2.595437893118137,1,0.7648582392613027,0.1397578680303111,0.024171547591109954,0.30806267649092955
1,82,244,1.5444702063114044,1,0.15510909783498672,0.5909684596322436,0.10289462145005071,0.3311881910091171
2,82,245,1.2825243055634983,1,0.42906928336004335,0.8074522020080259,0.19628186022836502,0.23780095223080283
3,82,246,1.8843334263929745,1,0.696562507197494,0.03317576097780439,0.13490633078075212,0.2991764816784157
1,83,247,1.7859289432270247,1,0.49840306454717564,0.6975460850606573,0.09628854822508531,0.1499027253922166
2,83,248,1.3730783290346178,1,0.36947355494262724,0.9246978949270173,0.11465989172573827,0.13153138189156366
3,83,249,2.112471090920241,1,0.16011884612317928,0.3525829726037525,0.03524283366647835,0.21094843995082357
1,84,250,1.3917271573087806,1,0.3734643899901494,0.5683924208390377,0.056519129020648554,0.18488901765353977
2,84,251,2.433124068724358,1,0.049980996225672314,0.6771447253704188,0.017345623462983892,0.2240625232112044
3,84,252,1.903222055567066,1,0.7801785779029875,0.8880468046038178,0.16754339419055583,0.07386475248363247
1,85,253,1.4917642739558254,1,0.29934224512416796,0.6481192823062003,0.058828249860125366,0.1461968637807231
2,85,254,2.033929633312387,1,0.28247283257950095,0.11456210607424633,0.04577038973572342,0.15925472390512505
3,85,255,2.1017654855453864,1,0.6853314143833353,0.470298312359549,0.10042647404499969,0.10459863959584878
1,86,256,1.1092058168844618,1,0.05767711872721237,0.32934492890592104,0.09455715678895228,0.07916993106423452
2,86,257,3.2133722494922137,1,0.10243061361078254,0.833920141301158,0.009065549563027585,0.16466153829015923
3,86,258,2.3996899394142694,1,0.6614250961563035,0.32429534595168796,0.07010438150120693,0.10362270635197987
1,87,259,2.790847397920083,1,0.5331239196726278,0.5198467251820009,0.045635279892143533,0.1429661498724003
2,87,260,2.522211690159182,1,0.2565947199523103,0.3222213135481101,0.015318438573441869,0.17328299119110196
3,87,261,1.9231476488004908,1,0.7251538844517397,0.30959133682435613,0.12764771129895844,0.060953718465585394
1,88,262,1.3196705622246983,1,0.2319434238486452,0.6429766862160108,0.08395454690393328,0.3382332017312667
2,88,263,1.2834185538201872,1,0.36284157497166547,0.6677163564228308,0.14099865553213514,0.28118909310306484
3,88,264,1.3951031680166177,1,0.6836467709759524,0.41446485143447254,0.19723454619913158,0.2249532024360684
1,89,265,1.690164000458054,1,0.5681994678388773,0.9237776909163059,0.14302361341500822,0.2369835730083427
2,89,266,1.4163387250209203,1,0.5481890839333908,0.8131839504088121,0.20985853169048505,0.17014865473286586
3,89,267,1.6564218371881845,1,0.023680594670145383,0.3906764365558242,0.02712504131785765,0.35288214510549326
1,90,268,1.9104955571551672,1,0.9941330680607706,0.20453223738801174,0.33044051625585596,0.1310208324777018
2,90,269,1.42845746715946,1,0.2610924359693422,0.7978522873415432,0.08046873992804014,0.3809926088055176
3,90,270,1.7390435948309158,1,0.3747276320307026,0.7455842985909131,0.050552092549661636,0.4109092561838961
1,91,271,1.420142148843667,1,0.6760026958719009,0.5878024794902988,0.07543015568141094,0.23529057101917644
2,91,272,1.4750998984174553,1,0.45880738497667084,0.43958377417458705,0.10630335202251187,0.2044173746780755
3,91,273,1.662663383025527,1,0.4953142475360055,0.18990885798975055,0.12898721899666454,0.18173350770392283
1,92,274,1.644466439809896,1,0.9064538477181608,0.6224185147237108,0.19552661426416384,0.15397486397704507
2,92,275,2.05472220417739,1,0.4064977899184373,0.46523338964531646,0.10894588048677259,0.24055559775443633
3,92,276,2.5672748939765957,1,0.8377145239133312,0.9935261614915025,0.04502898349027247,0.30447249475093646
1,93,277,1.9586593943227368,1,0.5548791772851971,0.8066683852282805,0.03690414356017441,0.1557793112242846
2,93,278,1.9665763956581839,1,0.27076129581447217,0.21015810313220817,0.09872092613026638,0.09396252865419262
3,93,279,1.627435197213727,1,0.0958540317268155,0.4659427520982876,0.05705838509401821,0.1356250696904408
1,94,280,2.235737274210921,1,0.314095546794266,0.5962702103096649,0.034097745933242905,0.3074515849676858
2,94,281,1.6614269756612017,1,0.6186410139631932,0.09403418393270802,0.2821897582197926,0.05935957268113612
3,94,282,2.0804528915589593,1,0.24053472277508614,0.11633394641846728,0.02526182674789322,0.31628750415303547
1,95,283,2.061371043111747,1,0.8184939177000284,0.21833357087698602,0.13275402254124757,0.2189549641067421
2,95,284,1.7190680348665353,1,0.31328183232500006,0.028534774595296075,0.07723084759390553,0.27447813905408414
3,95,285,1.4903881814531612,1,0.4267464976810551,0.8059811885726633,0.14172411651283653,0.20998487013515313
1,96,286,1.5738909832505557,1,0.6060074020363608,0.8524299831851351,0.20817673098501036,0.2202707731490837
2,96,287,1.2531178336810251,1,0.3453382336299964,0.35006471550164964,0.19947144372374012,0.22897606041035393
3,96,288,1.912144878592684,1,0.01083294093198639,0.46051254290938715,0.02079932942534355,0.4076481747087505
1,97,289,1.6562702930411852,1,0.7287683406948958,0.4647960445408974,0.3134598977738013,0.0388092975722491
2,97,290,3.084943590338547,1,0.5779120166610622,0.5068524228577417,0.01516457330566025,0.33710462204039016
3,97,291,2.9041189044295006,1,0.7171034288032316,0.9959307202496726,0.023644724266588882,0.3286244710794615
1,98,292,1.9693265605149732,1,0.39995464141565307,0.04829152805509007,0.04234786996003491,0.10915903505400283
2,98,293,1.4254961417135037,1,0.04216265425677712,0.8332625493450427,0.07025428194529944,0.0812526230687383
3,98,294,2.4279572144736434,1,0.6275668330425752,0.264028740779767,0.0389047531087034,0.11260215190533435
1,99,295,2.2606907237379574,1,0.9191698183516462,0.38639709395412203,0.08729367663363577,0.34321168615746367
2,99,296,1.6225658652330694,1,0.4898151882743069,0.6213448457075468,0.14821381001121325,0.28229155277988616
3,99,297,1.6956263933570623,1,0.5449069188528393,0.7841681570068421,0.1949978761462504,0.23550748664484902
1,100,298,1.1960931470369343,1,0.4534574590227336,0.36147946348349724,0.26527381047028475,0.1753561408307276
2,100,299,2.067526031882582,1,0.7073339259738274,0.9415058229257172,0.14424084277480895,0.29638910852620337
3,100,300,2.096736308889094,1,0.2806625108782653,0.11155816269576824,0.031115298055918606,0.40951465324509373
1,101,301,1.8999441400895762,1,0.8750474284207931,0.9172926650092578,0.2457390662615739,0.15466048256644374
2,101,302,1.2724575559027438,1,0.6336897235208183,0.3940493419031075,0.14157498145562683,0.2588245673723908
3,101,303,3.1601733640666967,1,0.12386566712756997,0.6321597428342501,0.013085501110816869,0.3873140477172008
1,102,304,1.2918733149883126,1,0.9585297971066902,0.02781424400540322,0.22934089174527444,0.24126075243104145
2,102,305,1.6986325074075042,1,0.46842952361620893,0.5995882699763314,0.11099504549943653,0.3596065986768794
3,102,306,1.569521106565509,1,0.7566106394160798,0.12953174650487365,0.13026570693160489,0.340335937244711
1,103,307,1.697871872330655,1,0.05056198674258794,0.7413774815985446,0.07027183290645728,0.20456893840722995
2,103,308,1.35985691945326,1,0.21608807174951328,0.373878771380744,0.1480516756561201,0.12678909565756713
3,103,309,2.182675609185543,1,0.6054735535574342,0.250323923133733,0.056517262751109854,0.21832350856257737
1,104,310,2.04120171185676,1,0.7125242210228355,0.9493741073015739,0.20219513716852278,0.10899956602520983
2,104,311,1.8061609630926125,1,0.04735340784459674,0.7575434517669267,0.022587535932773364,0.28860716726095925
3,104,312,2.250287463982426,1,0.5087512482897973,0.9548859414845012,0.08641203009243649,0.22478267310129613
1,105,313,2.235789307024733,1,0.0612781012261121,0.7543673972857398,0.02995917474970168,0.3190683941646215
2,105,314,1.7744957452914218,1,0.7331782553524863,0.7981443523548418,0.15423738158663436,0.19479018732768882
3,105,315,1.7622031588892813,1,0.6801614479255469,0.6433002138642203,0.16483101257798716,0.18419655633633603
1,106,316,2.718071048667536,1,0.12523414319579562,0.5485656456998768,0.014493709932074201,0.1300333323502145
2,106,317,1.7988451586714522,1,0.002102527899386697,0.8089097736074851,0.07325685908744842,0.07127018319484027
3,106,318,2.413804955573778,1,0.3957147290581101,0.938341907115823,0.05677647326276609,0.0877505690195226
1,107,319,1.7620009216432897,1,0.20451071327128523,0.9496429096232355,0.08412316426430634,0.10707926437332925
2,107,320,2.06918135558798,1,0.5414348879803806,0.5596658747780114,0.07733820567684656,0.11386422296078903
3,107,321,1.617460295095775,1,0.006149354425316389,0.5482958549182837,0.029741058696482692,0.1614613699411529
1,108,322,1.4003926349161344,1,0.2156395890612297,0.8772520844965757,0.08894087079526768,0.17647061041450995
2,108,323,1.2760274028532945,1,0.2793966979934841,0.41132124929655456,0.05725144676871377,0.20816003444106387
3,108,324,1.3486115742459277,1,0.0343001819159815,0.36295603205662996,0.11921916364579623,0.14619231756398143
1,109,325,1.5661575178324785,1,0.30447255156320996,0.6484943067533534,0.10273404753456095,0.3042159887314142
2,109,326,2.167977494006639,1,0.020987670103201572,0.2707732971436525,0.023779891471658345,0.3831701447943168
3,109,327,1.468302451503336,1,0.5792307007136858,0.3741175972301074,0.2804360972597559,0.12651393900621927
1,110,328,2.199379063396315,1,0.9278831491096252,0.29614011573405763,0.1872013723199989,0.07043164369113875
2,110,329,1.5825890760781518,1,0.050212434698259756,0.28211528925496454,0.05991637766708569,0.19771663834405195
3,110,330,3.3167570711145666,1,0.5948136578266079,0.5108237161590505,0.010515266024053036,0.2471177499870846
1,111,331,1.5428619850404308,1,0.5741721259708944,0.6683372128809294,0.17055700168238463,0.267059426275845
2,111,332,2.3083310755526787,1,0.9540132612722159,0.9308810246015183,0.16877131763355674,0.2688451103246729
3,111,333,1.63836263493305,1,0.13042604137503022,0.9804134994203949,0.09828810864228825,0.3393283193159414
1,112,334,1.0129365575426252,1,0.032480962900535704,0.3026145980618732,0.10760629769227911,0.3492682436194403
2,112,335,1.8202735137187576,1,0.9000697768010161,0.07858116123792447,0.23176738798753566,0.22510715332418374
3,112,336,1.2713055482742144,1,0.15263109350724224,0.7385047833437837,0.11750085563190464,0.33937368567981474
1,113,337,1.3269832144786258,1,0.1516265967873559,0.1236062427549921,0.1926920258573769,0.42047295457236045
2,113,338,1.2319469379290844,1,0.1912455946278374,0.04497030505081967,0.2782965846112794,0.33486839581845795
3,113,339,1.837933772836913,1,0.6043443165411385,0.6374305410734733,0.14217636996108104,0.47098861046865625
1,114,340,1.8946624677199013,1,0.20088712822881238,0.5152222826155618,0.05932254950398239,0.2925709042676724
2,114,341,1.9691281580649218,1,0.7871776937747439,0.20631038577671224,0.2516128551048963,0.10028059866675854
3,114,342,1.9049597839774006,1,0.37700860848467077,0.6410447343604139,0.04095804916277616,0.31093540460887864
1,115,343,1.9319598516661958,1,0.4070925789355083,0.5697413037165238,0.06713147221731104,0.22439038353175078
2,115,344,1.527616710442677,1,0.2796028852244009,0.46060656991629156,0.09366832336181168,0.19785353238725012
3,115,345,1.514023769972321,1,0.4529882351553709,0.19412816604791983,0.13072206016993906,0.16079979557912275
1,116,346,1.3624387612545517,1,0.02919279467725011,0.25501994750769197,0.07980739110039937,0.12564512879805684
2,116,347,2.1099320355505284,1,0.3155512670286319,0.7167351108627902,0.03451289104344242,0.1709396288550138
3,116,348,1.8995038953227246,1,0.6117515761950573,0.4057918113869592,0.09113223775461439,0.11432028214384181
1,117,349,1.3925987565511984,1,0.2995002150923973,0.8085078344337776,0.11937694596646489,0.28651747541077044
2,117,350,2.433804032868028,1,0.7901252115441199,0.8716831073627003,0.06706440790751575,0.3388300134697195
3,117,351,1.7135174713240122,1,0.39087076629802586,0.8717448845951231,0.2194530675032547,0.18644135387398061
1,118,352,1.5347611317097865,1,0.28940481808000806,0.5181776817784165,0.0544000845607898,0.4113320067131321
2,118,353,1.5830833858567483,1,0.5069761393748308,0.915500332528064,0.142532768686968,0.32319932258695394
3,118,354,1.6237652368919058,1,0.7536425360909124,0.14761220990368729,0.2687992380261641,0.19693285324775778
1,119,355,1.6456852939360638,1,0.790484702163771,0.9923551202655597,0.16915045007256574,0.4486283884115792
2,119,356,1.4459927907532277,1,0.9951523421931769,0.7197254805849082,0.3080333223768456,0.30974551610729933
3,119,357,1.1231375824257077,1,0.4730458067445694,0.6529679445664455,0.1405950660347335,0.47718377244941146
1,120,358,1.326600485011402,1,0.265484965566643,0.6082625029861164,0.2577724940305652,0.06691898166940802
2,120,359,2.1934226834426314,1,0.5134330468846953,0.5898671729054512,0.053093229004398654,0.27159824669557453
3,120,360,2.788308784690715,1,0.41818999715896654,0.9429575251830066,0.013825752665009352,0.31086572303496385
1,121,361,1.5110423010283676,1,0.8783843340624358,0.31817790364587095,0.19884997276492924,0.2897086520055273
2,121,362,1.273400959154895,1,0.6077176527974668,0.3881664354460712,0.23204479386919913,0.25651383090125746
3,121,363,1.9014121953164467,1,0.7760706299809508,0.33969157692462093,0.0576638581363282,0.4308947666341284
1,122,364,1.7215205628811714,1,0.679272059709743,0.8436714120503418,0.29169835616021617,0.23979763898137735
2,122,365,1.6724285658854119,1,0.5293844573404565,0.2192317699258639,0.08785045490306125,0.44364554023853225
3,122,366,1.6612828946963611,1,0.7969454599272502,0.026703063724457632,0.15194718407831617,0.3795488110632773
1,123,367,2.1536393997462175,1,0.8085016207998179,0.0948474267891406,0.10193100835040171,0.16734140107861428
2,123,368,2.023191480718199,1,0.5634822199713176,0.0007484148797622936,0.09907887771152236,0.17019353171749363
3,123,369,1.5265753181414512,1,0.2181455121182464,0.24829260740232706,0.06826252336709192,0.20100988606192405
1,124,370,1.2916866544269487,1,0.24199866844718787,0.2638735033436662,0.1364812477071866,0.26645897029596266
2,124,371,1.5072740149258508,1,0.8283766837285389,0.4986818095472876,0.18799910732471442,0.2149411106784348
3,124,372,1.9457073471589479,1,0.40327518686226826,0.2744216196816677,0.0784598629712482,0.32448035503190104
1,125,373,1.4697371450246812,1,0.3349015162311483,0.3760443106529906,0.14416939603980544,0.08258783422355451
2,125,374,1.9229076155564404,1,0.24295980607834688,0.24387165631682062,0.06340916165227786,0.1633480686110821
3,125,375,3.4847495347858413,1,0.9120144043461016,0.3709865155883192,0.019178672571276634,0.2075785576920833
1,126,376,2.754815637885549,1,0.12241350712725707,0.7672885607069776,0.015073224083560915,0.1754808602025731
2,126,377,1.3001895312612155,1,0.008702671969412656,0.5084503933200598,0.12381446821620042,0.0667396160699336
3,126,378,2.494892738818857,1,0.28261412187735213,0.8455296416128666,0.051666391986372705,0.1388876922997613
1,127,379,1.7247510599299876,1,0.7967657001013638,0.7851160159732297,0.11108736529473134,0.2624102712536214
2,127,380,1.4531120033192924,1,0.22921874454259994,0.5785286456241734,0.09195473864401467,0.28154289790433806
3,127,381,2.107917269272408,1,0.819579925401593,0.5602466452925553,0.17045553260960675,0.20304210393874597
1,128,382,1.788472659408747,1,0.9423356037486658,0.18896832044601097,0.18796822357454904,0.18063136452474196
2,128,383,1.6773031919639831,1,0.21606929383843032,0.8535065133322763,0.12010666846306657,0.24849291963622444
3,128,384,2.235053989945623,1,0.6175705235311071,0.7950053425125393,0.0605246960616754,0.3080748920376156
1,129,385,1.9694179847943347,1,0.7189330419593188,0.2890889479595421,0.212116645533136,0.15179691033916673
2,129,386,1.8783895398724546,1,0.7349475154553629,0.8471242880825336,0.12254973519824787,0.24136382067405487
3,129,387,2.5618176607270646,1,0.46871281581432556,0.6501794854741995,0.029247175140918884,0.33466638073138383
1,130,388,1.4995241620181547,1,0.4909466148053978,0.11694713677168533,0.2445863920606728,0.10265482087065583
2,130,389,2.716204483077191,1,0.32888105596727135,0.01787131194627889,0.020027793555602167,0.32721341937572646
3,130,390,1.6116295640858054,1,0.2678436705083723,0.53875881153841,0.08262702731505364,0.26461418561627503
1,131,391,2.454881173966328,1,0.4598715485419128,0.3556787263535468,0.03014501318125865,0.36444761943016485
2,131,392,1.7687966711992997,1,0.14961186046971875,0.18971027473799884,0.05945246227839708,0.33514017033302645
3,131,393,1.9122025949318164,1,0.9737240259796895,0.5571602927835891,0.3049951571517678,0.08959747545965574
1,132,394,1.7306105084665702,1,0.06369465311735689,0.35868313092611326,0.05382562666720097,0.37172113524786105
2,132,395,1.4677778851567365,1,0.21662622029742207,0.5727942560429524,0.20123172784036444,0.22431503407469758
3,132,396,1.6261430812091002,1,0.6931712108825909,0.9827023845341225,0.1704894074074966,0.2550573545075654
1,133,397,1.8593581408056914,1,0.04943800587857983,0.4238808115271794,0.04803293138880653,0.19041137900210936
2,133,398,2.083426940410551,1,0.5654812769128679,0.4695466529445941,0.10507276078398174,0.13337154960693415
3,133,399,2.096549922274349,1,0.732171031875372,0.06067663538370982,0.08533861821812763,0.15310569217278827
1,134,400,1.442320101993095,1,0.21682961630046294,0.9444100031524704,0.2582512710659907,0.15270096193286042
2,134,401,1.7195386051130086,1,0.13347545771883673,0.6014525968121737,0.029556767931775137,0.381395465067076
3,134,402,1.073651490136304,1,0.25250245926418935,0.25244993441766306,0.12314419400108526,0.28780803899776586
1,135,403,2.2517763649182045,1,0.564394357720138,0.5295411836603674,0.07064573428138271,0.14883181141633361
2,135,404,2.778370872838896,1,0.287414551685805,0.8326203042227958,0.022699825560816293,0.19677772013690004
3,135,405,1.3711652549940818,1,0.061421776287757135,0.4417585518279671,0.12613198585551733,0.093345559842199
1,136,406,1.4633491831470657,1,0.5444403557918804,0.33348052177214194,0.17357283108713653,0.05585340950689438
2,136,407,2.528513506814061,1,0.1092010558820582,0.5113648754042857,0.006834722020422717,0.2225915185736082
3,136,408,1.3597328580312489,1,0.01040005417978973,0.612942571011543,0.04901868748647167,0.18040755310755924
1,137,409,2.048495757695614,1,0.9292609300385409,0.28097361741604576,0.3090533814480974,0.19550893436142386
2,137,410,2.2047958109120267,1,0.9940637769129691,0.2801192448241704,0.09771104159931354,0.4068512742102077
3,137,411,2.2071049675148724,1,0.8815233554311396,0.901459990116985,0.09779789276211032,0.40676442304741095
1,138,412,1.8854707252645357,1,0.5571701995246068,0.11243498845429067,0.15809084584203742,0.30167660553238146
2,138,413,1.9275230934914898,1,0.08652416185920275,0.9291110859957934,0.05271579038158866,0.4070516609928302
3,138,414,1.3506517046808442,1,0.9080679434407516,0.702689934478969,0.24896081515079282,0.21080663622362605
1,139,415,2.346655482071053,1,0.6168359541725282,0.003162471581056203,0.038407602999710806,0.07921403051142012
2,139,416,1.921040582836988,1,0.0063153388294096,0.4842525781150533,0.05243813328996528,0.06518350022116565
3,139,417,2.871869479995388,1,0.4697849417185943,0.49159483117380876,0.026775897221454827,0.0908457362896761
1,140,418,1.7063068451404355,1,0.9848470522735935,0.28133550022624443,0.2819798967306486,0.15237157794032696
2,140,419,1.130611377488064,1,0.4166625250641772,0.9000814280423302,0.13679112016020942,0.2975603545107661
3,140,420,2.905153877135869,1,0.3397888273563514,0.5485350885935679,0.015580457780117565,0.418771016890858
1,141,421,1.2301361995635895,1,0.3177789005423465,0.518773306764087,0.10697583699388308,0.276438749665973
2,141,422,1.3166906122645492,1,0.5810944954922682,0.2158426995911834,0.24025608188973685,0.1431585047701192
3,141,423,1.8084501433921498,1,0.12646947493690275,0.7454695825428549,0.036182667776236126,0.3472319188836199
1,142,424,1.9034302269669228,1,0.2682707427558937,0.5416450903421155,0.07177556856006179,0.13716421122808525
2,142,425,1.8023470914610171,1,0.5280434883555747,0.6033258577243207,0.10971462587681112,0.09922515391133592
3,142,426,2.6761716253173082,1,0.6979876620461777,0.7364438130925769,0.027449585351274113,0.18149019443687292
1,143,427,1.7776409794592225,1,0.40079960320814567,0.12935718537642737,0.1908396441914707,0.03693549222806075
2,143,428,2.2243497760583626,1,0.21414994854370684,0.9980864793253251,0.010958217485425003,0.21681691893410646
3,143,429,2.3354788952908874,1,0.142676351204583,0.9802558383788563,0.02597727474263576,0.2017978616768957
1,144,430,2.218242462110206,1,0.4456884531026247,0.7798893135296276,0.03517996821386594,0.2996904600838892
2,144,431,1.6107014448700967,1,0.8671448720019939,0.9983217333203165,0.17302096841132894,0.1618494598864262
3,144,432,1.8376864478236856,1,0.6391819541478023,0.35578688219122756,0.12666949167256025,0.2082009366251949
1,145,433,2.9371823988248162,1,0.5250202023213535,0.13617644280272512,0.01899934903264765,0.20752001250946234
2,145,434,1.489688761268173,1,0.1337337720849482,0.5321374989706557,0.09134414916106116,0.13517521238104885
3,145,435,2.577339734512573,1,0.8383874172552037,0.8327600198760589,0.11617586334840119,0.11034349819370881
1,146,436,1.7881869770113181,1,0.5537044133794166,0.384872390907837,0.13370317768407625,0.35076854534461116
2,146,437,1.6459321177802333,1,0.9330673970154717,0.9765380337535269,0.1450087430165506,0.3394629800121368
3,146,438,1.3662847614827944,1,0.28360054894602627,0.36651325380255373,0.2057598023280606,0.2787119207006268
1,147,439,2.638412737042645,1,0.9587119962146965,0.6531325938373443,0.10278299497600484,0.1547470627261296
2,147,440,2.201090318082075,1,0.3688821825971943,0.009303969237481557,0.05069145519957147,0.20683860250256297
3,147,441,1.3946832523182655,1,0.08480433449583791,0.6798415383389994,0.10405560752655814,0.15347445017557632
1,148,442,1.4181670503572574,1,0.6963767629525381,0.24248700774724574,0.15427914814774168,0.31314396496568253
2,148,443,1.3539744505757338,1,0.8548340799801033,0.8765843453026982,0.21018397733102423,0.2572391357824
3,148,444,1.2235199260543337,1,0.28220815357300344,0.028606819792854732,0.10295998763465831,0.3644631254787659
1,149,445,1.991533700430209,1,0.7931182416319046,0.4280912889034988,0.18304326681339556,0.14897309591894137
2,149,446,1.8095802314407547,1,0.029328306770248447,0.2766177530951064,0.013985361957964149,0.3180310007743728
3,149,447,1.6187163542775864,1,0.2655046345579657,0.39186669378680283,0.13498773396097724,0.19702862877135968
1,150,448,2.1039406024781844,1,0.49798087271279723,0.907259047221212,0.08057396034852973,0.16946570099232447
2,150,449,2.6127330390391865,1,0.2479153188230817,0.7989675202882371,0.01955462613904269,0.23048503520181152
3,150,450,1.6117428360343036,1,0.5472051332442485,0.28468611140645306,0.14991107485328178,0.10012858648757242
1,151,451,2.5436896822314576,1,0.7675109579102345,0.7401039946935822,0.05380548073257915,0.4743532088342296
2,151,452,1.1871716636739884,1,0.21426530018906775,0.05324604580773662,0.14950514314213037,0.3786535464246784
3,151,453,1.8405029807449977,1,0.953829166376409,0.22654402684321207,0.32484806569209923,0.20331062387470955
1,152,454,1.9581229268179774,1,0.7035499034614768,0.9292762970879602,0.03447104716456795,0.46874918916473574
2,152,455,1.6577411076238247,1,0.9429527031939083,0.6634292082636879,0.4405123922976443,0.06270784403165941
3,152,456,1.9562918854992604,1,0.52991985803857,0.4069649499361302,0.028236796867091494,0.47498343946221216
1,153,457,1.3760664175716943,1,0.3515644234964126,0.9156747932349111,0.09263038913399178,0.2173677606044775
2,153,458,1.1115807492630858,1,0.418239916452147,0.23573971810946048,0.12554757555565507,0.18445057418281421
3,153,459,1.9042459214085907,1,0.6175588459838939,0.7253189141160645,0.09182018504882239,0.2181779646896469
1,154,460,1.3062473049710734,1,0.5817681460900035,0.5314189934406031,0.3336384107809738,0.1951291627529278
2,154,461,1.6228048488510098,1,0.9375663309761934,0.7224530979320658,0.15979561534313058,0.368971958190771
3,154,462,1.8558901097479348,1,0.08406467318964217,0.4220377938043305,0.035333547409797224,0.49343402612410436
1,155,463,1.9512056407856746,1,0.5802463990488504,0.48345805221377025,0.11574923560698841,0.29856321476483627
2,155,464,1.2990953786750954,1,0.07713910118677991,0.3104706451102981,0.08172324547381632,0.33258920489800836
3,155,465,1.9145993334447238,1,0.8071167421260377,0.4718766386488643,0.21683996929101995,0.19747248108080473
1,156,466,1.2506482138590869,1,0.36358291478689797,0.3625361137699108,0.1044868322823553,0.4186412215189495
2,156,467,1.425232795415843,1,0.9425899264404638,0.26963969005123567,0.3203176387806355,0.20281041502066927
3,156,468,1.4359077987210123,1,0.3758047640536373,0.5078890694685485,0.09832358273831397,0.4248044710629908
1,157,469,1.6224920707254755,1,0.913940201899424,0.5471946519952374,0.2801073278669963,0.17999027916561106
2,157,470,1.6047350349421214,1,0.409439866438711,0.15054111959479055,0.11502001510278358,0.3450775919298238
3,157,471,1.5034899152523367,1,0.0380434300540311,0.0478650537153239,0.06497026406282749,0.3951273429697799
1,158,472,1.4699298055013554,1,0.6628794542062523,0.9894897487322999,0.16340607322845216,0.16444416839784295
2,158,473,1.425520888426553,1,0.24957119001864514,0.8980252550732286,0.063920593505904,0.2639296481203911
3,158,474,2.207802088233497,1,0.8449724796334677,0.619779664373011,0.10052357489193892,0.2273266667343562
1,159,475,2.3337308285999154,1,0.37771142152288584,0.7917914923467789,0.016680384898703344,0.4742805211660392
2,159,476,1.6744843554081146,1,0.8202391375109483,0.0685475525388759,0.21301225724731054,0.277948648817432
3,159,477,2.0901537002692927,1,0.9754581052734697,0.7111419442760436,0.26126826391872865,0.22969264214601387
1,160,478,1.4812092767857328,1,0.2574661753254951,0.3012707967710355,0.05442716246526102,0.2711677213263393
2,160,479,2.843674984011032,1,0.019111051487145314,0.7833044206520385,0.0035005326951033588,0.322094351096497
3,160,480,1.6506637822244474,1,0.8566285759131884,0.5489888861364274,0.26766718863123595,0.05792769516036439
1,161,481,2.386325278908876,1,0.31928874070414537,0.41885258397715386,0.033618969133406604,0.1498581855464236
2,161,482,1.6335073188401252,1,0.2792681547918535,0.46707798932487565,0.06142379390166948,0.12205336077816074
3,161,483,1.7190490990423877,1,0.15080334393854178,0.3888930442801546,0.08843439164475414,0.09504276303507608
1,162,484,1.6645200790552979,1,0.2378999567873129,0.8351445915206341,0.10748100768888574,0.18522114334483647
2,162,485,2.4899557267466945,1,0.4043285790845692,0.6665738557596665,0.030135287986209035,0.2625668630475132
3,162,486,1.3929866566203764,1,0.48235588417451347,0.00019278653464183115,0.15508585535862748,0.13761629567509473
1,163,487,2.291797589011919,1,0.5759402545731807,0.3290969691464538,0.06489844040260234,0.24415080115046578
2,163,488,1.3443599118595813,1,0.1171835209148514,0.5908159953527916,0.06957725530106196,0.23947198625200616
3,163,489,1.5208213215807613,1,0.26431034126639164,0.9598024167699383,0.17457354584940382,0.1344756957036643
1,164,490,2.8552359036772015,1,0.5421526915708017,0.5728262401387612,0.029425439996520183,0.3775636637770022
2,164,491,2.1812683704397675,1,0.8572856690325366,0.21154697201744843,0.09257034590266379,0.3144187578708586
3,164,492,2.074458895190656,1,0.907808990827647,0.8945572985465616,0.2849933178743384,0.12199578589918397
1,165,493,2.0229082090905077,1,0.7882611684388549,0.8219266806053531,0.09019166734125879,0.30677603084010435
2,165,494,4.353283004916396,1,0.45034692028109,0.469497755974851,0.0031423238655917734,0.39382537431577136
3,165,495,1.5633004414805767,1,0.7177477812547981,0.6258029912684777,0.3036337069745126,0.09333399120685054
1,166,496,1.2848676026152797,1,0.37584834578332027,0.6556520453446122,0.12491504495273813,0.3092416150859499
2,166,497,1.536088569997923,1,0.7122807499973326,0.49055691220832676,0.1340394358354223,0.3001172242032657
3,166,498,1.421870792130441,1,0.1375441141440158,0.608740885977297,0.1752021792505276,0.2589544807881604
1,167,499,2.150381046780852,1,0.33462916544118104,0.21311842626428112,0.04051463880814337,0.24118898267030975
2,167,500,1.6585392590199675,1,0.5755568031911441,0.005197606819745015,0.1472298667081208,0.13447375477033233
3,167,501,2.140220512400014,1,0.721373444117379,0.5539495124037094,0.09395911596218895,0.18774450551626418
1,168,502,1.8778638211788796,1,0.7500674974618178,0.4014406263911501,0.11930067320420128,0.16825221628647474
2,168,503,1.494864435283882,1,0.0018835521820261825,0.25575422654354374,0.1023449456329752,0.18520794385770084
3,168,504,1.406926485385708,1,0.2246564689197974,0.27976867289706353,0.06590727065349956,0.22164561883717648
1,169,505,1.9214853089847033,1,0.88950720655872,0.288616396875487,0.38482203490919276,0.03424785456792273
2,169,506,2.482404662956849,1,0.2705818868808437,0.18144566161101883,0.006754003565376261,0.41231588591173923
3,169,507,2.8204924812802714,1,0.8935943374810271,0.3986380945379058,0.027493851002546473,0.391576038474569
1,170,508,1.495388079305403,1,0.4047542466250458,0.9006244095105653,0.1288771138764159,0.31077147020850904
2,170,509,3.1802657449827847,1,0.5821938016969553,0.7747135697659837,0.016053425355795035,0.4235951587291299
3,170,510,1.548720292663297,1,0.786958762050321,0.3971733876924419,0.29471804485271397,0.14493053923221094
1,171,511,1.837297123661259,1,0.6945656494368143,0.4166197162659552,0.14767638796456534,0.1822436700465822
2,171,512,2.464301413128976,1,0.03809181535841555,0.971101745451389,0.01549192072782645,0.3144281372833211
3,171,513,1.827618881647714,1,0.7416503844631398,0.6404463391084895,0.16675174931875578,0.16316830869239177
1,172,514,2.4606270446633314,1,0.8466633785861151,0.14050571288670877,0.12883254004566402,0.21413706720071274
2,172,515,2.236404252084451,1,0.11060930339277741,0.5360095918164816,0.022601534189002636,0.32036807305737414
3,172,516,1.7830337724815357,1,0.6252756090283152,0.036395849380419065,0.19153553301171009,0.15143407423466668
1,173,517,2.1118821841907534,1,0.9036654450993189,0.006567678117862408,0.1339529171340327,0.25064949812448256
2,173,518,1.5305698638876541,1,0.9460263984882826,0.19077415596495162,0.2384001784270384,0.14620223683147685
3,173,519,3.130673258416399,1,0.640373784729853,0.8913847081314538,0.012249319697444104,0.37235309556107116
1,174,520,1.7524071503809695,1,0.7954460190596776,0.2879596268391633,0.17406810909234094,0.21034706467370867
2,174,521,1.6516855004588304,1,0.4292604279451592,0.4764694910110838,0.07380647762462557,0.31060869614142406
3,174,522,1.544964638840642,1,0.2727823320793348,0.6866385296629107,0.13654058704908315,0.24787458671696647
1,175,523,3.20475307175697,1,0.1761740896854851,0.8256660327035044,0.01001369603178341,0.14979693557136115
2,175,524,3.2431927436735783,1,0.46081560694053536,0.9264667901223755,0.017899934258201296,0.14191069734494324
3,175,525,1.8290553936506422,1,0.44643626712707296,0.031610334274700724,0.13189700131315985,0.027913630289984698
1,176,526,1.8298990962452273,1,0.9692936842686825,0.6188160455646494,0.1923140490764789,0.1782273978552343
2,176,527,2.445354612623527,1,0.8996098857758524,0.7333961790266276,0.11559141929616384,0.25495002763554936
3,176,528,1.8594348703834527,1,0.3975932758446912,0.16542893249035784,0.06263597855907045,0.30790546837264277
1,177,529,2.354884607302542,1,0.4860382186934634,0.11745747852590238,0.07172233387005124,0.31175410075985377
2,177,530,1.6812566281462629,1,0.8605362719726981,0.6056581749318879,0.23848436809288448,0.14499206653702051
3,177,531,1.8794199826555438,1,0.3483428224595797,0.9656319516429896,0.0732697326669693,0.3102067019629357
1,178,532,2.0282649853148618,1,0.4922447921571165,0.8386555693586615,0.04018983768418179,0.20936073783319925
2,178,533,1.3752288746695762,1,0.31119545676590143,0.6892445923722407,0.15903741342107452,0.0905131620963065
3,178,534,1.7129560260553522,1,0.41683130625690146,0.07802089810509871,0.05032332441212471,0.1992272511052563
1,179,535,2.2947807885856517,1,0.7940609186449,0.9721920697486942,0.08924770458011048,0.19395501437686785
2,179,536,1.614227403371062,1,0.5420554699031369,0.14815191339916767,0.10265625236967443,0.18054646658730392
3,179,537,1.4771704160462225,1,0.11075746328706271,0.08886911812316356,0.09129876200719339,0.19190395694978496
1,180,538,3.1027892020022123,1,0.3948464213587102,0.3625980534553501,0.017195300836544948,0.27316538812335145
2,180,539,1.5590994488142407,1,0.1983001338084247,0.7063526383307394,0.08684649604343982,0.20351419291645662
3,180,540,1.1355644227329078,1,0.10960552219383901,0.4454017292520098,0.18631889207991167,0.10404179687998474
1,181,541,2.4721547463935982,1,0.8157274433098725,0.8078992895529217,0.09923917307193517,0.23190359713351485
2,181,542,1.8874467782610729,1,0.9329923097548746,0.9441262967426353,0.1716104162043849,0.1595323540010651
3,181,543,2.1339775766819815,1,0.6540476618948976,0.9755098553534162,0.06029318092912997,0.2708495892763201
1,182,544,1.5456330223207213,1,0.5221257741091901,0.6337734145049679,0.07431846603341877,0.2687712848166448
2,182,545,2.6587901923274453,1,0.25181256574846533,0.8671230038394806,0.02357610808787528,0.31951364276218824
3,182,546,1.7887619540628958,1,0.556015908931758,0.6600761490147825,0.24519517672876948,0.09789457412129407
1,183,547,1.7042184969675451,1,0.1968850798218903,0.5277473284118156,0.06610637675706274,0.129737199224597
2,183,548,1.8495731545210674,1,0.737455057599048,0.8929933278583022,0.07753805100260532,0.11830552497905443
3,183,549,1.527608767470575,1,0.07059055956243954,0.9302082254331538,0.05219914822199167,0.14364442775966807
1,184,550,1.9414780902120512,1,0.44935351920621225,0.8916762836051075,0.056291415473877976,0.17499182197365548
2,184,551,2.5849579555464226,1,0.1212877148842254,0.09262002326717589,0.018532550956632393,0.21275068649090106
3,184,552,1.8235363977282337,1,0.35973812628252977,0.9975914613228657,0.1564592710170231,0.07482396643051037
1,185,553,2.2677011046631588,1,0.25044243287838663,0.07824151950707159,0.04544080530424937,0.2420059601453573
2,185,554,1.5160706913969477,1,0.7480155023751605,0.25843184395094376,0.21341972239087956,0.07402704305872712
3,185,555,2.3880029704536,1,0.3337393447656518,0.5906912758396349,0.028586237754477755,0.2588605276951289
1,186,556,1.9692542063681984,1,0.10351517276331135,0.1532667088430275,0.10045897741066824,0.1624882313877754
2,186,557,1.6636719323242337,1,0.14421896509244592,0.9594428932019402,0.0250490266266974,0.23789818217174624
3,186,558,1.3574152440158094,1,0.003044486521482037,0.3846139548860622,0.137439204761078,0.12550800403736564
1,187,559,1.5135095948132937,1,0.2343838618378835,0.15918005687890857,0.12176698055133053,0.27842226292513494
2,187,560,2.327894917457199,1,0.8051868846306175,0.7670581502545866,0.20918282521308548,0.19100641826337997
3,187,561,1.5941296723349574,1,0.03089551312958494,0.7497162854505177,0.06923943771204946,0.330949805764416
1,188,562,1.826406088520019,1,0.5883677174404541,0.5246467057669207,0.07665741390670955,0.04612894166403936
2,188,563,2.5091011857339462,1,0.54581367415865,0.5337374425027085,0.029805351106596586,0.09298100446415232
3,188,564,2.872641409100695,1,0.3086991548490293,0.7963380879567538,0.016323590557442775,0.10646276501330613
1,189,565,1.5441573424865753,1,0.11267082009853124,0.947982093058478,0.11932514791287745,0.2592558353201532
2,189,566,2.0672183090400233,1,0.2920117838802806,0.14108925629766988,0.026466553574746757,0.35211442965828393
3,189,567,1.9305939934175318,1,0.8784666487201093,0.7707399684060627,0.2327892817454065,0.1457917014876242
1,190,568,2.2294769111871577,1,0.6040412092195588,0.8541277165678925,0.08821119353556921,0.22531017424595606
2,190,569,3.8862633518363374,1,0.5397726016411445,0.6881123451859373,0.00318781633994552,0.31033355144157976
3,190,570,1.6827091315910603,1,0.533788712247596,0.7986900840960298,0.22212235790601054,0.09139900987551475
1,191,571,2.7034483852685485,1,0.7993123351719712,0.3833757291757357,0.040874594508601404,0.24569272200749995
2,191,572,1.526292626198214,1,0.5892335269403526,0.041038870719438014,0.19376924463719658,0.09279807187890476
3,191,573,2.5206835059043127,1,0.8751394617328152,0.2871342650252581,0.051923477370303395,0.23464383914579795
1,192,574,2.0818046918753157,1,0.2139867270976442,0.2502236744685863,0.01597496635395618,0.507272475461555
2,192,575,1.6053000069367824,1,0.9350265961608493,0.21635615442252765,0.3775700152374482,0.14567742657806299
3,192,576,1.782966831615107,1,0.6289178939925292,0.3950206496744807,0.12970246022410678,0.3935449815914044
1,193,577,1.173432032342859,1,0.6550466801524132,0.5999302360388235,0.19329284835569144,0.2505886954707975
2,193,578,1.6620404509819315,1,0.40889685745901827,0.7449962936257785,0.06572854997454139,0.37815299385194756
3,193,579,1.6706973239006717,1,0.6622912408580226,0.6869301453661107,0.18486014549625607,0.25902139833023285
1,194,580,1.7127146133399345,1,0.22331865542137763,0.36185830383767725,0.05491763046399524,0.29758679404618926
2,194,581,1.4784560590140994,1,0.45602155918596954,0.9028516021959271,0.17527292690225935,0.17723149760792514
3,194,582,1.7425719623077731,1,0.5263831294989091,0.013688738622273489,0.12231386714392994,0.23019055736625454
1,195,583,1.7254448526084802,1,0.09307931012204884,0.11345779901572428,0.06157945051327521,0.279021134770021
2,195,584,1.7251428203317252,1,0.6126358418146161,0.16771273469346337,0.17352099761451353,0.16707958766878264
3,195,585,1.2679563114886587,1,0.2626252531415614,0.5895534900939031,0.1055001371555074,0.23510044812778877
1,196,586,2.674000463808656,1,0.8557546828492049,0.24883242848121456,0.04519613457992065,0.25190556205969145
2,196,587,1.5971440084676498,1,0.2758348417890967,0.5423831175575422,0.10352031057131279,0.19358138606829933
3,196,588,1.7923087444357146,1,0.8051728494518957,0.1846825622730649,0.1483852514883787,0.14871644515123342
1,197,589,1.5882316492294066,1,0.3162394864266286,0.1157258110065581,0.15277827375525643,0.29998441959465205
2,197,590,1.7886562018262144,1,0.6956920104157014,0.9661133633001469,0.2763700803842683,0.17639261296564018
3,197,591,1.8374744339233364,1,0.3195622636105869,0.11189968944263307,0.023614339210383785,0.4291483541395247
1,198,592,1.1928560890702715,1,0.37579689384941295,0.44948313834116926,0.10274653045645277,0.49014341720217947
2,198,593,1.821436236517993,1,0.94331327368244,0.465782872984976,0.2640646535736699,0.3288252940849623
3,198,594,1.2969706553102687,1,0.6376331298536032,0.04796415016581912,0.22607876362850957,0.3668111840301227
1,199,595,2.171230867372998,1,0.9284823950279197,0.926875550637796,0.07867706197050955,0.3679625018569212
2,199,596,2.09485747975015,1,0.6287120020675608,0.8161704307576354,0.3305424924785203,0.11609707134891045
3,199,597,1.2708217038346237,1,0.053152216562662,0.06943923019747111,0.0374200093784009,0.40921955444902985
1,200,598,2.1317699170493394,1,0.47097381318673415,0.5466192517609937,0.0860041430879133,0.12072892060604158
2,200,599,2.510074713045464,1,0.33274370484477367,0.4369712573199891,0.03906298788743384,0.16767007580652105
3,200,600,1.8732261377976114,1,0.31388949179555936,0.8143160132548888,0.08166593271860773,0.12506713097534716
